# Exported from player.bbmodel
mtllib player.mtl
o player
v 13.000000 63.000000 6.000000
v 13.000000 63.000000 -6.000000
v -13.000000 63.000000 -6.000000
v -13.000000 63.000000 6.000000
v 13.000000 63.000000 -6.000000
v 13.000000 63.000000 6.000000
v 0.000000 47.000000 -0.000000
v -13.000000 63.000000 -6.000000
v 13.000000 63.000000 -6.000000
v 0.000000 47.000000 -0.000000
v 13.000000 63.000000 6.000000
v -13.000000 63.000000 6.000000
v 0.000000 47.000000 -0.000000
v -13.000000 63.000000 6.000000
v -13.000000 63.000000 -6.000000
v 0.000000 47.000000 -0.000000
v 7.000000 64.000000 8.000000
v 7.000000 64.000000 -8.000000
v -7.000000 64.000000 -8.000000
v -7.000000 64.000000 8.000000
v 7.000000 64.000000 -8.000000
v 7.000000 64.000000 8.000000
v 0.000000 42.000000 -0.000000
v -7.000000 64.000000 -8.000000
v 7.000000 64.000000 -8.000000
v 0.000000 42.000000 -0.000000
v 7.000000 64.000000 8.000000
v -7.000000 64.000000 8.000000
v 0.000000 42.000000 -0.000000
v -7.000000 64.000000 8.000000
v -7.000000 64.000000 -8.000000
v 0.000000 42.000000 -0.000000
v 5.000000 48.000000 5.000000
v 5.000000 48.000000 -5.000000
v -5.000000 48.000000 -5.000000
v -5.000000 48.000000 5.000000
v 5.000000 48.000000 -5.000000
v 5.000000 48.000000 5.000000
v 0.000000 40.000000 -0.000000
v -5.000000 48.000000 -5.000000
v 5.000000 48.000000 -5.000000
v 0.000000 40.000000 -0.000000
v 5.000000 48.000000 5.000000
v -5.000000 48.000000 5.000000
v 0.000000 40.000000 -0.000000
v -5.000000 48.000000 5.000000
v -5.000000 48.000000 -5.000000
v 0.000000 40.000000 -0.000000
v 3.000000 55.000000 -4.000000
v 3.000000 55.000000 4.000000
v 3.000000 47.000000 4.000000
v 3.000000 47.000000 -4.000000
v -3.000000 47.000000 4.000000
v -3.000000 55.000000 4.000000
v -3.000000 55.000000 -4.000000
v -3.000000 47.000000 -4.000000
v -3.000000 55.000000 4.000000
v 3.000000 55.000000 4.000000
v 3.000000 55.000000 -4.000000
v -3.000000 55.000000 -4.000000
v 3.000000 47.000000 -4.000000
v 3.000000 47.000000 4.000000
v -3.000000 47.000000 4.000000
v -3.000000 47.000000 -4.000000
v 3.000000 47.000000 4.000000
v 3.000000 55.000000 4.000000
v -3.000000 55.000000 4.000000
v -3.000000 47.000000 4.000000
v -3.000000 55.000000 -4.000000
v 3.000000 55.000000 -4.000000
v 3.000000 47.000000 -4.000000
v -3.000000 47.000000 -4.000000
v 15.000000 56.000000 1.607700
v 15.000000 57.607700 4.392300
v 7.000000 57.607700 4.392300
v 7.000000 56.000000 1.607700
v 7.000000 58.788340 0.860560
v 7.000000 59.648900 2.351100
v 15.000000 59.648900 2.351100
v 15.000000 58.788340 0.860560
v 15.000000 58.788340 0.860560
v 15.000000 59.648900 2.351100
v 15.000000 57.607700 4.392300
v 15.000000 56.000000 1.607700
v 7.000000 56.000000 1.607700
v 7.000000 57.607700 4.392300
v 7.000000 59.648900 2.351100
v 7.000000 58.788340 0.860560
v 15.000000 57.607700 4.392300
v 15.000000 60.392300 6.000000
v 7.000000 60.392300 6.000000
v 7.000000 57.607700 4.392300
v 7.000000 59.648900 2.351100
v 7.000000 61.139440 3.211660
v 15.000000 61.139440 3.211660
v 15.000000 59.648900 2.351100
v 15.000000 59.648900 2.351100
v 15.000000 61.139440 3.211660
v 15.000000 60.392300 6.000000
v 15.000000 57.607700 4.392300
v 7.000000 57.607700 4.392300
v 7.000000 60.392300 6.000000
v 7.000000 61.139440 3.211660
v 7.000000 59.648900 2.351100
v 15.000000 60.392300 6.000000
v 15.000000 63.607700 6.000000
v 7.000000 63.607700 6.000000
v 7.000000 60.392300 6.000000
v 7.000000 61.139440 3.211660
v 7.000000 62.860560 3.211660
v 15.000000 62.860560 3.211660
v 15.000000 61.139440 3.211660
v 15.000000 61.139440 3.211660
v 15.000000 62.860560 3.211660
v 15.000000 63.607700 6.000000
v 15.000000 60.392300 6.000000
v 7.000000 60.392300 6.000000
v 7.000000 63.607700 6.000000
v 7.000000 62.860560 3.211660
v 7.000000 61.139440 3.211660
v 15.000000 63.607700 6.000000
v 15.000000 66.392300 4.392300
v 7.000000 66.392300 4.392300
v 7.000000 63.607700 6.000000
v 7.000000 62.860560 3.211660
v 7.000000 64.351100 2.351100
v 15.000000 64.351100 2.351100
v 15.000000 62.860560 3.211660
v 15.000000 62.860560 3.211660
v 15.000000 64.351100 2.351100
v 15.000000 66.392300 4.392300
v 15.000000 63.607700 6.000000
v 7.000000 63.607700 6.000000
v 7.000000 66.392300 4.392300
v 7.000000 64.351100 2.351100
v 7.000000 62.860560 3.211660
v 15.000000 66.392300 4.392300
v 15.000000 68.000000 1.607700
v 7.000000 68.000000 1.607700
v 7.000000 66.392300 4.392300
v 7.000000 64.351100 2.351100
v 7.000000 65.211660 0.860560
v 15.000000 65.211660 0.860560
v 15.000000 64.351100 2.351100
v 15.000000 64.351100 2.351100
v 15.000000 65.211660 0.860560
v 15.000000 68.000000 1.607700
v 15.000000 66.392300 4.392300
v 7.000000 66.392300 4.392300
v 7.000000 68.000000 1.607700
v 7.000000 65.211660 0.860560
v 7.000000 64.351100 2.351100
v 15.000000 68.000000 1.607700
v 15.000000 68.000000 -1.607700
v 7.000000 68.000000 -1.607700
v 7.000000 68.000000 1.607700
v 7.000000 65.211660 0.860560
v 7.000000 65.211660 -0.860560
v 15.000000 65.211660 -0.860560
v 15.000000 65.211660 0.860560
v 15.000000 65.211660 0.860560
v 15.000000 65.211660 -0.860560
v 15.000000 68.000000 -1.607700
v 15.000000 68.000000 1.607700
v 7.000000 68.000000 1.607700
v 7.000000 68.000000 -1.607700
v 7.000000 65.211660 -0.860560
v 7.000000 65.211660 0.860560
v 15.000000 68.000000 -1.607700
v 15.000000 66.392300 -4.392300
v 7.000000 66.392300 -4.392300
v 7.000000 68.000000 -1.607700
v 7.000000 65.211660 -0.860560
v 7.000000 64.351100 -2.351100
v 15.000000 64.351100 -2.351100
v 15.000000 65.211660 -0.860560
v 15.000000 65.211660 -0.860560
v 15.000000 64.351100 -2.351100
v 15.000000 66.392300 -4.392300
v 15.000000 68.000000 -1.607700
v 7.000000 68.000000 -1.607700
v 7.000000 66.392300 -4.392300
v 7.000000 64.351100 -2.351100
v 7.000000 65.211660 -0.860560
v 15.000000 66.392300 -4.392300
v 15.000000 63.607700 -6.000000
v 7.000000 63.607700 -6.000000
v 7.000000 66.392300 -4.392300
v 7.000000 64.351100 -2.351100
v 7.000000 62.860560 -3.211660
v 15.000000 62.860560 -3.211660
v 15.000000 64.351100 -2.351100
v 15.000000 64.351100 -2.351100
v 15.000000 62.860560 -3.211660
v 15.000000 63.607700 -6.000000
v 15.000000 66.392300 -4.392300
v 7.000000 66.392300 -4.392300
v 7.000000 63.607700 -6.000000
v 7.000000 62.860560 -3.211660
v 7.000000 64.351100 -2.351100
v 15.000000 63.607700 -6.000000
v 15.000000 60.392300 -6.000000
v 7.000000 60.392300 -6.000000
v 7.000000 63.607700 -6.000000
v 7.000000 62.860560 -3.211660
v 7.000000 61.139440 -3.211660
v 15.000000 61.139440 -3.211660
v 15.000000 62.860560 -3.211660
v 15.000000 62.860560 -3.211660
v 15.000000 61.139440 -3.211660
v 15.000000 60.392300 -6.000000
v 15.000000 63.607700 -6.000000
v 7.000000 63.607700 -6.000000
v 7.000000 60.392300 -6.000000
v 7.000000 61.139440 -3.211660
v 7.000000 62.860560 -3.211660
v 15.000000 60.392300 -6.000000
v 15.000000 57.607700 -4.392300
v 7.000000 57.607700 -4.392300
v 7.000000 60.392300 -6.000000
v 7.000000 61.139440 -3.211660
v 7.000000 59.648900 -2.351100
v 15.000000 59.648900 -2.351100
v 15.000000 61.139440 -3.211660
v 15.000000 61.139440 -3.211660
v 15.000000 59.648900 -2.351100
v 15.000000 57.607700 -4.392300
v 15.000000 60.392300 -6.000000
v 7.000000 60.392300 -6.000000
v 7.000000 57.607700 -4.392300
v 7.000000 59.648900 -2.351100
v 7.000000 61.139440 -3.211660
v 15.000000 57.607700 -4.392300
v 15.000000 56.000000 -1.607700
v 7.000000 56.000000 -1.607700
v 7.000000 57.607700 -4.392300
v 7.000000 59.648900 -2.351100
v 7.000000 58.788340 -0.860560
v 15.000000 58.788340 -0.860560
v 15.000000 59.648900 -2.351100
v 15.000000 59.648900 -2.351100
v 15.000000 58.788340 -0.860560
v 15.000000 56.000000 -1.607700
v 15.000000 57.607700 -4.392300
v 7.000000 57.607700 -4.392300
v 7.000000 56.000000 -1.607700
v 7.000000 58.788340 -0.860560
v 7.000000 59.648900 -2.351100
v 15.000000 56.000000 -1.607700
v 15.000000 56.000000 1.607700
v 7.000000 56.000000 1.607700
v 7.000000 56.000000 -1.607700
v 7.000000 58.788340 -0.860560
v 7.000000 58.788340 0.860560
v 15.000000 58.788340 0.860560
v 15.000000 58.788340 -0.860560
v 15.000000 58.788340 -0.860560
v 15.000000 58.788340 0.860560
v 15.000000 56.000000 1.607700
v 15.000000 56.000000 -1.607700
v 7.000000 56.000000 -1.607700
v 7.000000 56.000000 1.607700
v 7.000000 58.788340 0.860560
v 7.000000 58.788340 -0.860560
v -7.000000 56.000000 1.607700
v -7.000000 57.607700 4.392300
v -15.000000 57.607700 4.392300
v -15.000000 56.000000 1.607700
v -15.000000 58.788340 0.860560
v -15.000000 59.648900 2.351100
v -7.000000 59.648900 2.351100
v -7.000000 58.788340 0.860560
v -7.000000 58.788340 0.860560
v -7.000000 59.648900 2.351100
v -7.000000 57.607700 4.392300
v -7.000000 56.000000 1.607700
v -15.000000 56.000000 1.607700
v -15.000000 57.607700 4.392300
v -15.000000 59.648900 2.351100
v -15.000000 58.788340 0.860560
v -7.000000 57.607700 4.392300
v -7.000000 60.392300 6.000000
v -15.000000 60.392300 6.000000
v -15.000000 57.607700 4.392300
v -15.000000 59.648900 2.351100
v -15.000000 61.139440 3.211660
v -7.000000 61.139440 3.211660
v -7.000000 59.648900 2.351100
v -7.000000 59.648900 2.351100
v -7.000000 61.139440 3.211660
v -7.000000 60.392300 6.000000
v -7.000000 57.607700 4.392300
v -15.000000 57.607700 4.392300
v -15.000000 60.392300 6.000000
v -15.000000 61.139440 3.211660
v -15.000000 59.648900 2.351100
v -7.000000 60.392300 6.000000
v -7.000000 63.607700 6.000000
v -15.000000 63.607700 6.000000
v -15.000000 60.392300 6.000000
v -15.000000 61.139440 3.211660
v -15.000000 62.860560 3.211660
v -7.000000 62.860560 3.211660
v -7.000000 61.139440 3.211660
v -7.000000 61.139440 3.211660
v -7.000000 62.860560 3.211660
v -7.000000 63.607700 6.000000
v -7.000000 60.392300 6.000000
v -15.000000 60.392300 6.000000
v -15.000000 63.607700 6.000000
v -15.000000 62.860560 3.211660
v -15.000000 61.139440 3.211660
v -7.000000 63.607700 6.000000
v -7.000000 66.392300 4.392300
v -15.000000 66.392300 4.392300
v -15.000000 63.607700 6.000000
v -15.000000 62.860560 3.211660
v -15.000000 64.351100 2.351100
v -7.000000 64.351100 2.351100
v -7.000000 62.860560 3.211660
v -7.000000 62.860560 3.211660
v -7.000000 64.351100 2.351100
v -7.000000 66.392300 4.392300
v -7.000000 63.607700 6.000000
v -15.000000 63.607700 6.000000
v -15.000000 66.392300 4.392300
v -15.000000 64.351100 2.351100
v -15.000000 62.860560 3.211660
v -7.000000 66.392300 4.392300
v -7.000000 68.000000 1.607700
v -15.000000 68.000000 1.607700
v -15.000000 66.392300 4.392300
v -15.000000 64.351100 2.351100
v -15.000000 65.211660 0.860560
v -7.000000 65.211660 0.860560
v -7.000000 64.351100 2.351100
v -7.000000 64.351100 2.351100
v -7.000000 65.211660 0.860560
v -7.000000 68.000000 1.607700
v -7.000000 66.392300 4.392300
v -15.000000 66.392300 4.392300
v -15.000000 68.000000 1.607700
v -15.000000 65.211660 0.860560
v -15.000000 64.351100 2.351100
v -7.000000 68.000000 1.607700
v -7.000000 68.000000 -1.607700
v -15.000000 68.000000 -1.607700
v -15.000000 68.000000 1.607700
v -15.000000 65.211660 0.860560
v -15.000000 65.211660 -0.860560
v -7.000000 65.211660 -0.860560
v -7.000000 65.211660 0.860560
v -7.000000 65.211660 0.860560
v -7.000000 65.211660 -0.860560
v -7.000000 68.000000 -1.607700
v -7.000000 68.000000 1.607700
v -15.000000 68.000000 1.607700
v -15.000000 68.000000 -1.607700
v -15.000000 65.211660 -0.860560
v -15.000000 65.211660 0.860560
v -7.000000 68.000000 -1.607700
v -7.000000 66.392300 -4.392300
v -15.000000 66.392300 -4.392300
v -15.000000 68.000000 -1.607700
v -15.000000 65.211660 -0.860560
v -15.000000 64.351100 -2.351100
v -7.000000 64.351100 -2.351100
v -7.000000 65.211660 -0.860560
v -7.000000 65.211660 -0.860560
v -7.000000 64.351100 -2.351100
v -7.000000 66.392300 -4.392300
v -7.000000 68.000000 -1.607700
v -15.000000 68.000000 -1.607700
v -15.000000 66.392300 -4.392300
v -15.000000 64.351100 -2.351100
v -15.000000 65.211660 -0.860560
v -7.000000 66.392300 -4.392300
v -7.000000 63.607700 -6.000000
v -15.000000 63.607700 -6.000000
v -15.000000 66.392300 -4.392300
v -15.000000 64.351100 -2.351100
v -15.000000 62.860560 -3.211660
v -7.000000 62.860560 -3.211660
v -7.000000 64.351100 -2.351100
v -7.000000 64.351100 -2.351100
v -7.000000 62.860560 -3.211660
v -7.000000 63.607700 -6.000000
v -7.000000 66.392300 -4.392300
v -15.000000 66.392300 -4.392300
v -15.000000 63.607700 -6.000000
v -15.000000 62.860560 -3.211660
v -15.000000 64.351100 -2.351100
v -7.000000 63.607700 -6.000000
v -7.000000 60.392300 -6.000000
v -15.000000 60.392300 -6.000000
v -15.000000 63.607700 -6.000000
v -15.000000 62.860560 -3.211660
v -15.000000 61.139440 -3.211660
v -7.000000 61.139440 -3.211660
v -7.000000 62.860560 -3.211660
v -7.000000 62.860560 -3.211660
v -7.000000 61.139440 -3.211660
v -7.000000 60.392300 -6.000000
v -7.000000 63.607700 -6.000000
v -15.000000 63.607700 -6.000000
v -15.000000 60.392300 -6.000000
v -15.000000 61.139440 -3.211660
v -15.000000 62.860560 -3.211660
v -7.000000 60.392300 -6.000000
v -7.000000 57.607700 -4.392300
v -15.000000 57.607700 -4.392300
v -15.000000 60.392300 -6.000000
v -15.000000 61.139440 -3.211660
v -15.000000 59.648900 -2.351100
v -7.000000 59.648900 -2.351100
v -7.000000 61.139440 -3.211660
v -7.000000 61.139440 -3.211660
v -7.000000 59.648900 -2.351100
v -7.000000 57.607700 -4.392300
v -7.000000 60.392300 -6.000000
v -15.000000 60.392300 -6.000000
v -15.000000 57.607700 -4.392300
v -15.000000 59.648900 -2.351100
v -15.000000 61.139440 -3.211660
v -7.000000 57.607700 -4.392300
v -7.000000 56.000000 -1.607700
v -15.000000 56.000000 -1.607700
v -15.000000 57.607700 -4.392300
v -15.000000 59.648900 -2.351100
v -15.000000 58.788340 -0.860560
v -7.000000 58.788340 -0.860560
v -7.000000 59.648900 -2.351100
v -7.000000 59.648900 -2.351100
v -7.000000 58.788340 -0.860560
v -7.000000 56.000000 -1.607700
v -7.000000 57.607700 -4.392300
v -15.000000 57.607700 -4.392300
v -15.000000 56.000000 -1.607700
v -15.000000 58.788340 -0.860560
v -15.000000 59.648900 -2.351100
v -7.000000 56.000000 -1.607700
v -7.000000 56.000000 1.607700
v -15.000000 56.000000 1.607700
v -15.000000 56.000000 -1.607700
v -15.000000 58.788340 -0.860560
v -15.000000 58.788340 0.860560
v -7.000000 58.788340 0.860560
v -7.000000 58.788340 -0.860560
v -7.000000 58.788340 -0.860560
v -7.000000 58.788340 0.860560
v -7.000000 56.000000 1.607700
v -7.000000 56.000000 -1.607700
v -15.000000 56.000000 -1.607700
v -15.000000 56.000000 1.607700
v -15.000000 58.788340 0.860560
v -15.000000 58.788340 -0.860560
v -3.637919 54.628618 -4.681006
v 0.056070 61.296758 -7.108011
v -12.362081 67.371382 -9.318994
v -16.056070 60.703242 -6.891989
v 16.056070 60.703242 -6.891989
v 12.362081 67.371382 -9.318994
v -0.056070 61.296758 -7.108011
v 3.637919 54.628618 -4.681006
v -3.732050 50.000000 -4.000000
v -3.267950 50.267950 -4.000000
v -3.267950 50.267950 4.000000
v -3.732050 50.000000 4.000000
v -3.856570 50.464720 4.000000
v -3.608150 50.608150 4.000000
v -3.608150 50.608150 -4.000000
v -3.856570 50.464720 -4.000000
v -3.856570 50.464720 -4.000000
v -3.608150 50.608150 -4.000000
v -3.267950 50.267950 -4.000000
v -3.732050 50.000000 -4.000000
v -3.732050 50.000000 4.000000
v -3.267950 50.267950 4.000000
v -3.608150 50.608150 4.000000
v -3.856570 50.464720 4.000000
v -3.267950 50.267950 -4.000000
v -3.000000 50.732050 -4.000000
v -3.000000 50.732050 4.000000
v -3.267950 50.267950 4.000000
v -3.608150 50.608150 4.000000
v -3.464720 50.856570 4.000000
v -3.464720 50.856570 -4.000000
v -3.608150 50.608150 -4.000000
v -3.608150 50.608150 -4.000000
v -3.464720 50.856570 -4.000000
v -3.000000 50.732050 -4.000000
v -3.267950 50.267950 -4.000000
v -3.267950 50.267950 4.000000
v -3.000000 50.732050 4.000000
v -3.464720 50.856570 4.000000
v -3.608150 50.608150 4.000000
v -3.000000 50.732050 -4.000000
v -3.000000 51.267950 -4.000000
v -3.000000 51.267950 4.000000
v -3.000000 50.732050 4.000000
v -3.464720 50.856570 4.000000
v -3.464720 51.143430 4.000000
v -3.464720 51.143430 -4.000000
v -3.464720 50.856570 -4.000000
v -3.464720 50.856570 -4.000000
v -3.464720 51.143430 -4.000000
v -3.000000 51.267950 -4.000000
v -3.000000 50.732050 -4.000000
v -3.000000 50.732050 4.000000
v -3.000000 51.267950 4.000000
v -3.464720 51.143430 4.000000
v -3.464720 50.856570 4.000000
v -3.000000 51.267950 -4.000000
v -3.267950 51.732050 -4.000000
v -3.267950 51.732050 4.000000
v -3.000000 51.267950 4.000000
v -3.464720 51.143430 4.000000
v -3.608150 51.391850 4.000000
v -3.608150 51.391850 -4.000000
v -3.464720 51.143430 -4.000000
v -3.464720 51.143430 -4.000000
v -3.608150 51.391850 -4.000000
v -3.267950 51.732050 -4.000000
v -3.000000 51.267950 -4.000000
v -3.000000 51.267950 4.000000
v -3.267950 51.732050 4.000000
v -3.608150 51.391850 4.000000
v -3.464720 51.143430 4.000000
v -3.267950 51.732050 -4.000000
v -3.732050 52.000000 -4.000000
v -3.732050 52.000000 4.000000
v -3.267950 51.732050 4.000000
v -3.608150 51.391850 4.000000
v -3.856570 51.535280 4.000000
v -3.856570 51.535280 -4.000000
v -3.608150 51.391850 -4.000000
v -3.608150 51.391850 -4.000000
v -3.856570 51.535280 -4.000000
v -3.732050 52.000000 -4.000000
v -3.267950 51.732050 -4.000000
v -3.267950 51.732050 4.000000
v -3.732050 52.000000 4.000000
v -3.856570 51.535280 4.000000
v -3.608150 51.391850 4.000000
v -3.732050 52.000000 -4.000000
v -4.267950 52.000000 -4.000000
v -4.267950 52.000000 4.000000
v -3.732050 52.000000 4.000000
v -3.856570 51.535280 4.000000
v -4.143430 51.535280 4.000000
v -4.143430 51.535280 -4.000000
v -3.856570 51.535280 -4.000000
v -3.856570 51.535280 -4.000000
v -4.143430 51.535280 -4.000000
v -4.267950 52.000000 -4.000000
v -3.732050 52.000000 -4.000000
v -3.732050 52.000000 4.000000
v -4.267950 52.000000 4.000000
v -4.143430 51.535280 4.000000
v -3.856570 51.535280 4.000000
v -4.267950 52.000000 -4.000000
v -4.732050 51.732050 -4.000000
v -4.732050 51.732050 4.000000
v -4.267950 52.000000 4.000000
v -4.143430 51.535280 4.000000
v -4.391850 51.391850 4.000000
v -4.391850 51.391850 -4.000000
v -4.143430 51.535280 -4.000000
v -4.143430 51.535280 -4.000000
v -4.391850 51.391850 -4.000000
v -4.732050 51.732050 -4.000000
v -4.267950 52.000000 -4.000000
v -4.267950 52.000000 4.000000
v -4.732050 51.732050 4.000000
v -4.391850 51.391850 4.000000
v -4.143430 51.535280 4.000000
v -4.732050 51.732050 -4.000000
v -5.000000 51.267950 -4.000000
v -5.000000 51.267950 4.000000
v -4.732050 51.732050 4.000000
v -4.391850 51.391850 4.000000
v -4.535280 51.143430 4.000000
v -4.535280 51.143430 -4.000000
v -4.391850 51.391850 -4.000000
v -4.391850 51.391850 -4.000000
v -4.535280 51.143430 -4.000000
v -5.000000 51.267950 -4.000000
v -4.732050 51.732050 -4.000000
v -4.732050 51.732050 4.000000
v -5.000000 51.267950 4.000000
v -4.535280 51.143430 4.000000
v -4.391850 51.391850 4.000000
v -5.000000 51.267950 -4.000000
v -5.000000 50.732050 -4.000000
v -5.000000 50.732050 4.000000
v -5.000000 51.267950 4.000000
v -4.535280 51.143430 4.000000
v -4.535280 50.856570 4.000000
v -4.535280 50.856570 -4.000000
v -4.535280 51.143430 -4.000000
v -4.535280 51.143430 -4.000000
v -4.535280 50.856570 -4.000000
v -5.000000 50.732050 -4.000000
v -5.000000 51.267950 -4.000000
v -5.000000 51.267950 4.000000
v -5.000000 50.732050 4.000000
v -4.535280 50.856570 4.000000
v -4.535280 51.143430 4.000000
v -5.000000 50.732050 -4.000000
v -4.732050 50.267950 -4.000000
v -4.732050 50.267950 4.000000
v -5.000000 50.732050 4.000000
v -4.535280 50.856570 4.000000
v -4.391850 50.608150 4.000000
v -4.391850 50.608150 -4.000000
v -4.535280 50.856570 -4.000000
v -4.535280 50.856570 -4.000000
v -4.391850 50.608150 -4.000000
v -4.732050 50.267950 -4.000000
v -5.000000 50.732050 -4.000000
v -5.000000 50.732050 4.000000
v -4.732050 50.267950 4.000000
v -4.391850 50.608150 4.000000
v -4.535280 50.856570 4.000000
v -4.732050 50.267950 -4.000000
v -4.267950 50.000000 -4.000000
v -4.267950 50.000000 4.000000
v -4.732050 50.267950 4.000000
v -4.391850 50.608150 4.000000
v -4.143430 50.464720 4.000000
v -4.143430 50.464720 -4.000000
v -4.391850 50.608150 -4.000000
v -4.391850 50.608150 -4.000000
v -4.143430 50.464720 -4.000000
v -4.267950 50.000000 -4.000000
v -4.732050 50.267950 -4.000000
v -4.732050 50.267950 4.000000
v -4.267950 50.000000 4.000000
v -4.143430 50.464720 4.000000
v -4.391850 50.608150 4.000000
v -4.267950 50.000000 -4.000000
v -3.732050 50.000000 -4.000000
v -3.732050 50.000000 4.000000
v -4.267950 50.000000 4.000000
v -4.143430 50.464720 4.000000
v -3.856570 50.464720 4.000000
v -3.856570 50.464720 -4.000000
v -4.143430 50.464720 -4.000000
v -4.143430 50.464720 -4.000000
v -3.856570 50.464720 -4.000000
v -3.732050 50.000000 -4.000000
v -4.267950 50.000000 -4.000000
v -4.267950 50.000000 4.000000
v -3.732050 50.000000 4.000000
v -3.856570 50.464720 4.000000
v -4.143430 50.464720 4.000000
v 4.267950 50.000000 -4.000000
v 4.732050 50.267950 -4.000000
v 4.732050 50.267950 4.000000
v 4.267950 50.000000 4.000000
v 4.143430 50.464720 4.000000
v 4.391850 50.608150 4.000000
v 4.391850 50.608150 -4.000000
v 4.143430 50.464720 -4.000000
v 4.143430 50.464720 -4.000000
v 4.391850 50.608150 -4.000000
v 4.732050 50.267950 -4.000000
v 4.267950 50.000000 -4.000000
v 4.267950 50.000000 4.000000
v 4.732050 50.267950 4.000000
v 4.391850 50.608150 4.000000
v 4.143430 50.464720 4.000000
v 4.732050 50.267950 -4.000000
v 5.000000 50.732050 -4.000000
v 5.000000 50.732050 4.000000
v 4.732050 50.267950 4.000000
v 4.391850 50.608150 4.000000
v 4.535280 50.856570 4.000000
v 4.535280 50.856570 -4.000000
v 4.391850 50.608150 -4.000000
v 4.391850 50.608150 -4.000000
v 4.535280 50.856570 -4.000000
v 5.000000 50.732050 -4.000000
v 4.732050 50.267950 -4.000000
v 4.732050 50.267950 4.000000
v 5.000000 50.732050 4.000000
v 4.535280 50.856570 4.000000
v 4.391850 50.608150 4.000000
v 5.000000 50.732050 -4.000000
v 5.000000 51.267950 -4.000000
v 5.000000 51.267950 4.000000
v 5.000000 50.732050 4.000000
v 4.535280 50.856570 4.000000
v 4.535280 51.143430 4.000000
v 4.535280 51.143430 -4.000000
v 4.535280 50.856570 -4.000000
v 4.535280 50.856570 -4.000000
v 4.535280 51.143430 -4.000000
v 5.000000 51.267950 -4.000000
v 5.000000 50.732050 -4.000000
v 5.000000 50.732050 4.000000
v 5.000000 51.267950 4.000000
v 4.535280 51.143430 4.000000
v 4.535280 50.856570 4.000000
v 5.000000 51.267950 -4.000000
v 4.732050 51.732050 -4.000000
v 4.732050 51.732050 4.000000
v 5.000000 51.267950 4.000000
v 4.535280 51.143430 4.000000
v 4.391850 51.391850 4.000000
v 4.391850 51.391850 -4.000000
v 4.535280 51.143430 -4.000000
v 4.535280 51.143430 -4.000000
v 4.391850 51.391850 -4.000000
v 4.732050 51.732050 -4.000000
v 5.000000 51.267950 -4.000000
v 5.000000 51.267950 4.000000
v 4.732050 51.732050 4.000000
v 4.391850 51.391850 4.000000
v 4.535280 51.143430 4.000000
v 4.732050 51.732050 -4.000000
v 4.267950 52.000000 -4.000000
v 4.267950 52.000000 4.000000
v 4.732050 51.732050 4.000000
v 4.391850 51.391850 4.000000
v 4.143430 51.535280 4.000000
v 4.143430 51.535280 -4.000000
v 4.391850 51.391850 -4.000000
v 4.391850 51.391850 -4.000000
v 4.143430 51.535280 -4.000000
v 4.267950 52.000000 -4.000000
v 4.732050 51.732050 -4.000000
v 4.732050 51.732050 4.000000
v 4.267950 52.000000 4.000000
v 4.143430 51.535280 4.000000
v 4.391850 51.391850 4.000000
v 4.267950 52.000000 -4.000000
v 3.732050 52.000000 -4.000000
v 3.732050 52.000000 4.000000
v 4.267950 52.000000 4.000000
v 4.143430 51.535280 4.000000
v 3.856570 51.535280 4.000000
v 3.856570 51.535280 -4.000000
v 4.143430 51.535280 -4.000000
v 4.143430 51.535280 -4.000000
v 3.856570 51.535280 -4.000000
v 3.732050 52.000000 -4.000000
v 4.267950 52.000000 -4.000000
v 4.267950 52.000000 4.000000
v 3.732050 52.000000 4.000000
v 3.856570 51.535280 4.000000
v 4.143430 51.535280 4.000000
v 3.732050 52.000000 -4.000000
v 3.267950 51.732050 -4.000000
v 3.267950 51.732050 4.000000
v 3.732050 52.000000 4.000000
v 3.856570 51.535280 4.000000
v 3.608150 51.391850 4.000000
v 3.608150 51.391850 -4.000000
v 3.856570 51.535280 -4.000000
v 3.856570 51.535280 -4.000000
v 3.608150 51.391850 -4.000000
v 3.267950 51.732050 -4.000000
v 3.732050 52.000000 -4.000000
v 3.732050 52.000000 4.000000
v 3.267950 51.732050 4.000000
v 3.608150 51.391850 4.000000
v 3.856570 51.535280 4.000000
v 3.267950 51.732050 -4.000000
v 3.000000 51.267950 -4.000000
v 3.000000 51.267950 4.000000
v 3.267950 51.732050 4.000000
v 3.608150 51.391850 4.000000
v 3.464720 51.143430 4.000000
v 3.464720 51.143430 -4.000000
v 3.608150 51.391850 -4.000000
v 3.608150 51.391850 -4.000000
v 3.464720 51.143430 -4.000000
v 3.000000 51.267950 -4.000000
v 3.267950 51.732050 -4.000000
v 3.267950 51.732050 4.000000
v 3.000000 51.267950 4.000000
v 3.464720 51.143430 4.000000
v 3.608150 51.391850 4.000000
v 3.000000 51.267950 -4.000000
v 3.000000 50.732050 -4.000000
v 3.000000 50.732050 4.000000
v 3.000000 51.267950 4.000000
v 3.464720 51.143430 4.000000
v 3.464720 50.856570 4.000000
v 3.464720 50.856570 -4.000000
v 3.464720 51.143430 -4.000000
v 3.464720 51.143430 -4.000000
v 3.464720 50.856570 -4.000000
v 3.000000 50.732050 -4.000000
v 3.000000 51.267950 -4.000000
v 3.000000 51.267950 4.000000
v 3.000000 50.732050 4.000000
v 3.464720 50.856570 4.000000
v 3.464720 51.143430 4.000000
v 3.000000 50.732050 -4.000000
v 3.267950 50.267950 -4.000000
v 3.267950 50.267950 4.000000
v 3.000000 50.732050 4.000000
v 3.464720 50.856570 4.000000
v 3.608150 50.608150 4.000000
v 3.608150 50.608150 -4.000000
v 3.464720 50.856570 -4.000000
v 3.464720 50.856570 -4.000000
v 3.608150 50.608150 -4.000000
v 3.267950 50.267950 -4.000000
v 3.000000 50.732050 -4.000000
v 3.000000 50.732050 4.000000
v 3.267950 50.267950 4.000000
v 3.608150 50.608150 4.000000
v 3.464720 50.856570 4.000000
v 3.267950 50.267950 -4.000000
v 3.732050 50.000000 -4.000000
v 3.732050 50.000000 4.000000
v 3.267950 50.267950 4.000000
v 3.608150 50.608150 4.000000
v 3.856570 50.464720 4.000000
v 3.856570 50.464720 -4.000000
v 3.608150 50.608150 -4.000000
v 3.608150 50.608150 -4.000000
v 3.856570 50.464720 -4.000000
v 3.732050 50.000000 -4.000000
v 3.267950 50.267950 -4.000000
v 3.267950 50.267950 4.000000
v 3.732050 50.000000 4.000000
v 3.856570 50.464720 4.000000
v 3.608150 50.608150 4.000000
v 3.732050 50.000000 -4.000000
v 4.267950 50.000000 -4.000000
v 4.267950 50.000000 4.000000
v 3.732050 50.000000 4.000000
v 3.856570 50.464720 4.000000
v 4.143430 50.464720 4.000000
v 4.143430 50.464720 -4.000000
v 3.856570 50.464720 -4.000000
v 3.856570 50.464720 -4.000000
v 4.143430 50.464720 -4.000000
v 4.267950 50.000000 -4.000000
v 3.732050 50.000000 -4.000000
v 3.732050 50.000000 4.000000
v 4.267950 50.000000 4.000000
v 4.143430 50.464720 4.000000
v 3.856570 50.464720 4.000000
v 5.000000 65.210971 6.397520
v 5.000000 64.175694 10.261223
v 5.000000 54.516436 7.673033
v 5.000000 55.551712 3.809329
v -5.000000 54.516436 7.673033
v -5.000000 64.175694 10.261223
v -5.000000 65.210971 6.397520
v -5.000000 55.551712 3.809329
v -5.000000 64.175694 10.261223
v 5.000000 64.175694 10.261223
v 5.000000 65.210971 6.397520
v -5.000000 65.210971 6.397520
v 5.000000 55.551712 3.809329
v 5.000000 54.516436 7.673033
v -5.000000 54.516436 7.673033
v -5.000000 55.551712 3.809329
v 5.000000 54.516436 7.673033
v 5.000000 64.175694 10.261223
v -5.000000 64.175694 10.261223
v -5.000000 54.516436 7.673033
v -5.000000 65.210971 6.397520
v 5.000000 65.210971 6.397520
v 5.000000 55.551712 3.809329
v -5.000000 55.551712 3.809329
v 8.000000 71.108748 8.173977
v 8.000000 70.073472 12.037680
v 8.000000 54.618659 7.896575
v 8.000000 55.653935 4.032872
v 4.000000 54.618659 7.896575
v 4.000000 70.073472 12.037680
v 4.000000 71.108748 8.173977
v 4.000000 55.653935 4.032872
v 4.000000 70.073472 12.037680
v 8.000000 70.073472 12.037680
v 8.000000 71.108748 8.173977
v 4.000000 71.108748 8.173977
v 8.000000 55.653935 4.032872
v 8.000000 54.618659 7.896575
v 4.000000 54.618659 7.896575
v 4.000000 55.653935 4.032872
v 8.000000 54.618659 7.896575
v 8.000000 70.073472 12.037680
v 4.000000 70.073472 12.037680
v 4.000000 54.618659 7.896575
v 4.000000 71.108748 8.173977
v 8.000000 71.108748 8.173977
v 8.000000 55.653935 4.032872
v 4.000000 55.653935 4.032872
v -4.000000 71.108748 8.173977
v -4.000000 70.073472 12.037680
v -4.000000 54.618659 7.896575
v -4.000000 55.653935 4.032872
v -8.000000 54.618659 7.896575
v -8.000000 70.073472 12.037680
v -8.000000 71.108748 8.173977
v -8.000000 55.653935 4.032872
v -8.000000 70.073472 12.037680
v -4.000000 70.073472 12.037680
v -4.000000 71.108748 8.173977
v -8.000000 71.108748 8.173977
v -4.000000 55.653935 4.032872
v -4.000000 54.618659 7.896575
v -8.000000 54.618659 7.896575
v -8.000000 55.653935 4.032872
v -4.000000 54.618659 7.896575
v -4.000000 70.073472 12.037680
v -8.000000 70.073472 12.037680
v -8.000000 54.618659 7.896575
v -8.000000 71.108748 8.173977
v -4.000000 71.108748 8.173977
v -4.000000 55.653935 4.032872
v -8.000000 55.653935 4.032872
v -2.144166 71.439555 -3.000000
v -3.948400 77.161857 -3.000000
v -5.855834 76.560445 -3.000000
v -4.051600 70.838143 -3.000000
v 4.051600 70.838143 -3.000000
v 5.855834 76.560445 -3.000000
v 3.948400 77.161857 -3.000000
v 2.144166 71.439555 -3.000000
v -0.124770 71.388831 -6.159946
v 4.216054 72.656686 -2.216624
v 4.237821 66.937762 -0.401840
v -0.103004 65.669908 -4.345162
v 0.095748 68.236400 3.740234
v 0.073981 73.955324 1.925449
v -4.266843 72.687469 -2.017873
v -4.245077 66.968545 -0.203088
v 0.073981 73.955324 1.925449
v 4.216054 72.656686 -2.216624
v -0.124770 71.388831 -6.159946
v -4.266843 72.687469 -2.017873
v -0.103004 65.669908 -4.345162
v 4.237821 66.937762 -0.401840
v 0.095748 68.236400 3.740234
v -4.245077 66.968545 -0.203088
v 4.237821 66.937762 -0.401840
v 4.216054 72.656686 -2.216624
v 0.073981 73.955324 1.925449
v 0.095748 68.236400 3.740234
v -4.266843 72.687469 -2.017873
v -0.124770 71.388831 -6.159946
v -0.103004 65.669908 -4.345162
v -4.245077 66.968545 -0.203088
v -15.000000 58.143590 5.856410
v -15.000000 56.000000 2.143590
v -15.000000 64.000000 0.000000
v -15.000000 56.000000 2.143590
v -15.000000 58.143590 5.856410
v -23.000000 58.143590 5.856410
v -23.000000 56.000000 2.143590
v -23.000000 56.000000 2.143590
v -23.000000 58.143590 5.856410
v -23.000000 64.000000 0.000000
v -15.000000 61.856410 8.000000
v -15.000000 58.143590 5.856410
v -15.000000 64.000000 0.000000
v -15.000000 58.143590 5.856410
v -15.000000 61.856410 8.000000
v -23.000000 61.856410 8.000000
v -23.000000 58.143590 5.856410
v -23.000000 58.143590 5.856410
v -23.000000 61.856410 8.000000
v -23.000000 64.000000 0.000000
v -15.000000 66.143590 8.000000
v -15.000000 61.856410 8.000000
v -15.000000 64.000000 0.000000
v -15.000000 61.856410 8.000000
v -15.000000 66.143590 8.000000
v -23.000000 66.143590 8.000000
v -23.000000 61.856410 8.000000
v -23.000000 61.856410 8.000000
v -23.000000 66.143590 8.000000
v -23.000000 64.000000 0.000000
v -15.000000 69.856410 5.856410
v -15.000000 66.143590 8.000000
v -15.000000 64.000000 0.000000
v -15.000000 66.143590 8.000000
v -15.000000 69.856410 5.856410
v -23.000000 69.856410 5.856410
v -23.000000 66.143590 8.000000
v -23.000000 66.143590 8.000000
v -23.000000 69.856410 5.856410
v -23.000000 64.000000 0.000000
v -15.000000 72.000000 2.143590
v -15.000000 69.856410 5.856410
v -15.000000 64.000000 0.000000
v -15.000000 69.856410 5.856410
v -15.000000 72.000000 2.143590
v -23.000000 72.000000 2.143590
v -23.000000 69.856410 5.856410
v -23.000000 69.856410 5.856410
v -23.000000 72.000000 2.143590
v -23.000000 64.000000 0.000000
v -15.000000 72.000000 -2.143590
v -15.000000 72.000000 2.143590
v -15.000000 64.000000 0.000000
v -15.000000 72.000000 2.143590
v -15.000000 72.000000 -2.143590
v -23.000000 72.000000 -2.143590
v -23.000000 72.000000 2.143590
v -23.000000 72.000000 2.143590
v -23.000000 72.000000 -2.143590
v -23.000000 64.000000 0.000000
v -15.000000 69.856410 -5.856410
v -15.000000 72.000000 -2.143590
v -15.000000 64.000000 0.000000
v -15.000000 72.000000 -2.143590
v -15.000000 69.856410 -5.856410
v -23.000000 69.856410 -5.856410
v -23.000000 72.000000 -2.143590
v -23.000000 72.000000 -2.143590
v -23.000000 69.856410 -5.856410
v -23.000000 64.000000 0.000000
v -15.000000 66.143590 -8.000000
v -15.000000 69.856410 -5.856410
v -15.000000 64.000000 0.000000
v -15.000000 69.856410 -5.856410
v -15.000000 66.143590 -8.000000
v -23.000000 66.143590 -8.000000
v -23.000000 69.856410 -5.856410
v -23.000000 69.856410 -5.856410
v -23.000000 66.143590 -8.000000
v -23.000000 64.000000 0.000000
v -15.000000 61.856410 -8.000000
v -15.000000 66.143590 -8.000000
v -15.000000 64.000000 0.000000
v -15.000000 66.143590 -8.000000
v -15.000000 61.856410 -8.000000
v -23.000000 61.856410 -8.000000
v -23.000000 66.143590 -8.000000
v -23.000000 66.143590 -8.000000
v -23.000000 61.856410 -8.000000
v -23.000000 64.000000 0.000000
v -15.000000 58.143590 -5.856410
v -15.000000 61.856410 -8.000000
v -15.000000 64.000000 0.000000
v -15.000000 61.856410 -8.000000
v -15.000000 58.143590 -5.856410
v -23.000000 58.143590 -5.856410
v -23.000000 61.856410 -8.000000
v -23.000000 61.856410 -8.000000
v -23.000000 58.143590 -5.856410
v -23.000000 64.000000 0.000000
v -15.000000 56.000000 -2.143590
v -15.000000 58.143590 -5.856410
v -15.000000 64.000000 0.000000
v -15.000000 58.143590 -5.856410
v -15.000000 56.000000 -2.143590
v -23.000000 56.000000 -2.143590
v -23.000000 58.143590 -5.856410
v -23.000000 58.143590 -5.856410
v -23.000000 56.000000 -2.143590
v -23.000000 64.000000 0.000000
v -15.000000 56.000000 2.143590
v -15.000000 56.000000 -2.143590
v -15.000000 64.000000 0.000000
v -15.000000 56.000000 -2.143590
v -15.000000 56.000000 2.143590
v -23.000000 56.000000 2.143590
v -23.000000 56.000000 -2.143590
v -23.000000 56.000000 -2.143590
v -23.000000 56.000000 2.143590
v -23.000000 64.000000 0.000000
v -23.000000 58.143590 5.856410
v -23.000000 56.000000 2.143590
v -23.000000 64.000000 0.000000
v -23.000000 56.000000 2.143590
v -23.000000 58.143590 5.856410
v -31.000000 58.143590 5.856410
v -31.000000 56.000000 2.143590
v -31.000000 56.000000 2.143590
v -31.000000 58.143590 5.856410
v -31.000000 64.000000 0.000000
v -23.000000 61.856410 8.000000
v -23.000000 58.143590 5.856410
v -23.000000 64.000000 0.000000
v -23.000000 58.143590 5.856410
v -23.000000 61.856410 8.000000
v -31.000000 61.856410 8.000000
v -31.000000 58.143590 5.856410
v -31.000000 58.143590 5.856410
v -31.000000 61.856410 8.000000
v -31.000000 64.000000 0.000000
v -23.000000 66.143590 8.000000
v -23.000000 61.856410 8.000000
v -23.000000 64.000000 0.000000
v -23.000000 61.856410 8.000000
v -23.000000 66.143590 8.000000
v -31.000000 66.143590 8.000000
v -31.000000 61.856410 8.000000
v -31.000000 61.856410 8.000000
v -31.000000 66.143590 8.000000
v -31.000000 64.000000 0.000000
v -23.000000 69.856410 5.856410
v -23.000000 66.143590 8.000000
v -23.000000 64.000000 0.000000
v -23.000000 66.143590 8.000000
v -23.000000 69.856410 5.856410
v -31.000000 69.856410 5.856410
v -31.000000 66.143590 8.000000
v -31.000000 66.143590 8.000000
v -31.000000 69.856410 5.856410
v -31.000000 64.000000 0.000000
v -23.000000 72.000000 2.143590
v -23.000000 69.856410 5.856410
v -23.000000 64.000000 0.000000
v -23.000000 69.856410 5.856410
v -23.000000 72.000000 2.143590
v -31.000000 72.000000 2.143590
v -31.000000 69.856410 5.856410
v -31.000000 69.856410 5.856410
v -31.000000 72.000000 2.143590
v -31.000000 64.000000 0.000000
v -23.000000 72.000000 -2.143590
v -23.000000 72.000000 2.143590
v -23.000000 64.000000 0.000000
v -23.000000 72.000000 2.143590
v -23.000000 72.000000 -2.143590
v -31.000000 72.000000 -2.143590
v -31.000000 72.000000 2.143590
v -31.000000 72.000000 2.143590
v -31.000000 72.000000 -2.143590
v -31.000000 64.000000 0.000000
v -23.000000 69.856410 -5.856410
v -23.000000 72.000000 -2.143590
v -23.000000 64.000000 0.000000
v -23.000000 72.000000 -2.143590
v -23.000000 69.856410 -5.856410
v -31.000000 69.856410 -5.856410
v -31.000000 72.000000 -2.143590
v -31.000000 72.000000 -2.143590
v -31.000000 69.856410 -5.856410
v -31.000000 64.000000 0.000000
v -23.000000 66.143590 -8.000000
v -23.000000 69.856410 -5.856410
v -23.000000 64.000000 0.000000
v -23.000000 69.856410 -5.856410
v -23.000000 66.143590 -8.000000
v -31.000000 66.143590 -8.000000
v -31.000000 69.856410 -5.856410
v -31.000000 69.856410 -5.856410
v -31.000000 66.143590 -8.000000
v -31.000000 64.000000 0.000000
v -23.000000 61.856410 -8.000000
v -23.000000 66.143590 -8.000000
v -23.000000 64.000000 0.000000
v -23.000000 66.143590 -8.000000
v -23.000000 61.856410 -8.000000
v -31.000000 61.856410 -8.000000
v -31.000000 66.143590 -8.000000
v -31.000000 66.143590 -8.000000
v -31.000000 61.856410 -8.000000
v -31.000000 64.000000 0.000000
v -23.000000 58.143590 -5.856410
v -23.000000 61.856410 -8.000000
v -23.000000 64.000000 0.000000
v -23.000000 61.856410 -8.000000
v -23.000000 58.143590 -5.856410
v -31.000000 58.143590 -5.856410
v -31.000000 61.856410 -8.000000
v -31.000000 61.856410 -8.000000
v -31.000000 58.143590 -5.856410
v -31.000000 64.000000 0.000000
v -23.000000 56.000000 -2.143590
v -23.000000 58.143590 -5.856410
v -23.000000 64.000000 0.000000
v -23.000000 58.143590 -5.856410
v -23.000000 56.000000 -2.143590
v -31.000000 56.000000 -2.143590
v -31.000000 58.143590 -5.856410
v -31.000000 58.143590 -5.856410
v -31.000000 56.000000 -2.143590
v -31.000000 64.000000 0.000000
v -23.000000 56.000000 2.143590
v -23.000000 56.000000 -2.143590
v -23.000000 64.000000 0.000000
v -23.000000 56.000000 -2.143590
v -23.000000 56.000000 2.143590
v -31.000000 56.000000 2.143590
v -31.000000 56.000000 -2.143590
v -31.000000 56.000000 -2.143590
v -31.000000 56.000000 2.143590
v -31.000000 64.000000 0.000000
v -16.000000 58.000000 -4.000000
v -16.000000 58.000000 4.000000
v -16.000000 52.000000 4.000000
v -16.000000 52.000000 -4.000000
v -24.000000 52.000000 4.000000
v -24.000000 58.000000 4.000000
v -24.000000 58.000000 -4.000000
v -24.000000 52.000000 -4.000000
v -24.000000 58.000000 4.000000
v -16.000000 58.000000 4.000000
v -16.000000 58.000000 -4.000000
v -24.000000 58.000000 -4.000000
v -16.000000 52.000000 -4.000000
v -16.000000 52.000000 4.000000
v -24.000000 52.000000 4.000000
v -24.000000 52.000000 -4.000000
v -16.000000 52.000000 4.000000
v -16.000000 58.000000 4.000000
v -24.000000 58.000000 4.000000
v -24.000000 52.000000 4.000000
v -24.000000 58.000000 -4.000000
v -16.000000 58.000000 -4.000000
v -16.000000 52.000000 -4.000000
v -24.000000 52.000000 -4.000000
v -16.000000 47.803850 2.196150
v -16.000000 47.000000 0.803850
v -16.000000 50.000000 0.000000
v -16.000000 47.000000 0.803850
v -16.000000 47.803850 2.196150
v -24.000000 47.803850 2.196150
v -24.000000 47.000000 0.803850
v -24.000000 47.000000 0.803850
v -24.000000 47.803850 2.196150
v -24.000000 50.000000 0.000000
v -16.000000 49.196150 3.000000
v -16.000000 47.803850 2.196150
v -16.000000 50.000000 0.000000
v -16.000000 47.803850 2.196150
v -16.000000 49.196150 3.000000
v -24.000000 49.196150 3.000000
v -24.000000 47.803850 2.196150
v -24.000000 47.803850 2.196150
v -24.000000 49.196150 3.000000
v -24.000000 50.000000 0.000000
v -16.000000 50.803850 3.000000
v -16.000000 49.196150 3.000000
v -16.000000 50.000000 0.000000
v -16.000000 49.196150 3.000000
v -16.000000 50.803850 3.000000
v -24.000000 50.803850 3.000000
v -24.000000 49.196150 3.000000
v -24.000000 49.196150 3.000000
v -24.000000 50.803850 3.000000
v -24.000000 50.000000 0.000000
v -16.000000 52.196150 2.196150
v -16.000000 50.803850 3.000000
v -16.000000 50.000000 0.000000
v -16.000000 50.803850 3.000000
v -16.000000 52.196150 2.196150
v -24.000000 52.196150 2.196150
v -24.000000 50.803850 3.000000
v -24.000000 50.803850 3.000000
v -24.000000 52.196150 2.196150
v -24.000000 50.000000 0.000000
v -16.000000 53.000000 0.803850
v -16.000000 52.196150 2.196150
v -16.000000 50.000000 0.000000
v -16.000000 52.196150 2.196150
v -16.000000 53.000000 0.803850
v -24.000000 53.000000 0.803850
v -24.000000 52.196150 2.196150
v -24.000000 52.196150 2.196150
v -24.000000 53.000000 0.803850
v -24.000000 50.000000 0.000000
v -16.000000 53.000000 -0.803850
v -16.000000 53.000000 0.803850
v -16.000000 50.000000 0.000000
v -16.000000 53.000000 0.803850
v -16.000000 53.000000 -0.803850
v -24.000000 53.000000 -0.803850
v -24.000000 53.000000 0.803850
v -24.000000 53.000000 0.803850
v -24.000000 53.000000 -0.803850
v -24.000000 50.000000 0.000000
v -16.000000 52.196150 -2.196150
v -16.000000 53.000000 -0.803850
v -16.000000 50.000000 0.000000
v -16.000000 53.000000 -0.803850
v -16.000000 52.196150 -2.196150
v -24.000000 52.196150 -2.196150
v -24.000000 53.000000 -0.803850
v -24.000000 53.000000 -0.803850
v -24.000000 52.196150 -2.196150
v -24.000000 50.000000 0.000000
v -16.000000 50.803850 -3.000000
v -16.000000 52.196150 -2.196150
v -16.000000 50.000000 0.000000
v -16.000000 52.196150 -2.196150
v -16.000000 50.803850 -3.000000
v -24.000000 50.803850 -3.000000
v -24.000000 52.196150 -2.196150
v -24.000000 52.196150 -2.196150
v -24.000000 50.803850 -3.000000
v -24.000000 50.000000 0.000000
v -16.000000 49.196150 -3.000000
v -16.000000 50.803850 -3.000000
v -16.000000 50.000000 0.000000
v -16.000000 50.803850 -3.000000
v -16.000000 49.196150 -3.000000
v -24.000000 49.196150 -3.000000
v -24.000000 50.803850 -3.000000
v -24.000000 50.803850 -3.000000
v -24.000000 49.196150 -3.000000
v -24.000000 50.000000 0.000000
v -16.000000 47.803850 -2.196150
v -16.000000 49.196150 -3.000000
v -16.000000 50.000000 0.000000
v -16.000000 49.196150 -3.000000
v -16.000000 47.803850 -2.196150
v -24.000000 47.803850 -2.196150
v -24.000000 49.196150 -3.000000
v -24.000000 49.196150 -3.000000
v -24.000000 47.803850 -2.196150
v -24.000000 50.000000 0.000000
v -16.000000 47.000000 -0.803850
v -16.000000 47.803850 -2.196150
v -16.000000 50.000000 0.000000
v -16.000000 47.803850 -2.196150
v -16.000000 47.000000 -0.803850
v -24.000000 47.000000 -0.803850
v -24.000000 47.803850 -2.196150
v -24.000000 47.803850 -2.196150
v -24.000000 47.000000 -0.803850
v -24.000000 50.000000 0.000000
v -16.000000 47.000000 0.803850
v -16.000000 47.000000 -0.803850
v -16.000000 50.000000 0.000000
v -16.000000 47.000000 -0.803850
v -16.000000 47.000000 0.803850
v -24.000000 47.000000 0.803850
v -24.000000 47.000000 -0.803850
v -24.000000 47.000000 -0.803850
v -24.000000 47.000000 0.803850
v -24.000000 50.000000 0.000000
v 24.000000 58.000000 -4.000000
v 24.000000 58.000000 4.000000
v 24.000000 52.000000 4.000000
v 24.000000 52.000000 -4.000000
v 16.000000 52.000000 4.000000
v 16.000000 58.000000 4.000000
v 16.000000 58.000000 -4.000000
v 16.000000 52.000000 -4.000000
v 16.000000 58.000000 4.000000
v 24.000000 58.000000 4.000000
v 24.000000 58.000000 -4.000000
v 16.000000 58.000000 -4.000000
v 24.000000 52.000000 -4.000000
v 24.000000 52.000000 4.000000
v 16.000000 52.000000 4.000000
v 16.000000 52.000000 -4.000000
v 24.000000 52.000000 4.000000
v 24.000000 58.000000 4.000000
v 16.000000 58.000000 4.000000
v 16.000000 52.000000 4.000000
v 16.000000 58.000000 -4.000000
v 24.000000 58.000000 -4.000000
v 24.000000 52.000000 -4.000000
v 16.000000 52.000000 -4.000000
v 24.000000 47.803850 2.196150
v 24.000000 47.000000 0.803850
v 24.000000 50.000000 0.000000
v 24.000000 47.000000 0.803850
v 24.000000 47.803850 2.196150
v 16.000000 47.803850 2.196150
v 16.000000 47.000000 0.803850
v 16.000000 47.000000 0.803850
v 16.000000 47.803850 2.196150
v 16.000000 50.000000 0.000000
v 24.000000 49.196150 3.000000
v 24.000000 47.803850 2.196150
v 24.000000 50.000000 0.000000
v 24.000000 47.803850 2.196150
v 24.000000 49.196150 3.000000
v 16.000000 49.196150 3.000000
v 16.000000 47.803850 2.196150
v 16.000000 47.803850 2.196150
v 16.000000 49.196150 3.000000
v 16.000000 50.000000 0.000000
v 24.000000 50.803850 3.000000
v 24.000000 49.196150 3.000000
v 24.000000 50.000000 0.000000
v 24.000000 49.196150 3.000000
v 24.000000 50.803850 3.000000
v 16.000000 50.803850 3.000000
v 16.000000 49.196150 3.000000
v 16.000000 49.196150 3.000000
v 16.000000 50.803850 3.000000
v 16.000000 50.000000 0.000000
v 24.000000 52.196150 2.196150
v 24.000000 50.803850 3.000000
v 24.000000 50.000000 0.000000
v 24.000000 50.803850 3.000000
v 24.000000 52.196150 2.196150
v 16.000000 52.196150 2.196150
v 16.000000 50.803850 3.000000
v 16.000000 50.803850 3.000000
v 16.000000 52.196150 2.196150
v 16.000000 50.000000 0.000000
v 24.000000 53.000000 0.803850
v 24.000000 52.196150 2.196150
v 24.000000 50.000000 0.000000
v 24.000000 52.196150 2.196150
v 24.000000 53.000000 0.803850
v 16.000000 53.000000 0.803850
v 16.000000 52.196150 2.196150
v 16.000000 52.196150 2.196150
v 16.000000 53.000000 0.803850
v 16.000000 50.000000 0.000000
v 24.000000 53.000000 -0.803850
v 24.000000 53.000000 0.803850
v 24.000000 50.000000 0.000000
v 24.000000 53.000000 0.803850
v 24.000000 53.000000 -0.803850
v 16.000000 53.000000 -0.803850
v 16.000000 53.000000 0.803850
v 16.000000 53.000000 0.803850
v 16.000000 53.000000 -0.803850
v 16.000000 50.000000 0.000000
v 24.000000 52.196150 -2.196150
v 24.000000 53.000000 -0.803850
v 24.000000 50.000000 0.000000
v 24.000000 53.000000 -0.803850
v 24.000000 52.196150 -2.196150
v 16.000000 52.196150 -2.196150
v 16.000000 53.000000 -0.803850
v 16.000000 53.000000 -0.803850
v 16.000000 52.196150 -2.196150
v 16.000000 50.000000 0.000000
v 24.000000 50.803850 -3.000000
v 24.000000 52.196150 -2.196150
v 24.000000 50.000000 0.000000
v 24.000000 52.196150 -2.196150
v 24.000000 50.803850 -3.000000
v 16.000000 50.803850 -3.000000
v 16.000000 52.196150 -2.196150
v 16.000000 52.196150 -2.196150
v 16.000000 50.803850 -3.000000
v 16.000000 50.000000 0.000000
v 24.000000 49.196150 -3.000000
v 24.000000 50.803850 -3.000000
v 24.000000 50.000000 0.000000
v 24.000000 50.803850 -3.000000
v 24.000000 49.196150 -3.000000
v 16.000000 49.196150 -3.000000
v 16.000000 50.803850 -3.000000
v 16.000000 50.803850 -3.000000
v 16.000000 49.196150 -3.000000
v 16.000000 50.000000 0.000000
v 24.000000 47.803850 -2.196150
v 24.000000 49.196150 -3.000000
v 24.000000 50.000000 0.000000
v 24.000000 49.196150 -3.000000
v 24.000000 47.803850 -2.196150
v 16.000000 47.803850 -2.196150
v 16.000000 49.196150 -3.000000
v 16.000000 49.196150 -3.000000
v 16.000000 47.803850 -2.196150
v 16.000000 50.000000 0.000000
v 24.000000 47.000000 -0.803850
v 24.000000 47.803850 -2.196150
v 24.000000 50.000000 0.000000
v 24.000000 47.803850 -2.196150
v 24.000000 47.000000 -0.803850
v 16.000000 47.000000 -0.803850
v 16.000000 47.803850 -2.196150
v 16.000000 47.803850 -2.196150
v 16.000000 47.000000 -0.803850
v 16.000000 50.000000 0.000000
v 24.000000 47.000000 0.803850
v 24.000000 47.000000 -0.803850
v 24.000000 50.000000 0.000000
v 24.000000 47.000000 -0.803850
v 24.000000 47.000000 0.803850
v 16.000000 47.000000 0.803850
v 16.000000 47.000000 -0.803850
v 16.000000 47.000000 -0.803850
v 16.000000 47.000000 0.803850
v 16.000000 50.000000 0.000000
v 23.000000 58.143590 5.856410
v 23.000000 56.000000 2.143590
v 23.000000 64.000000 0.000000
v 23.000000 56.000000 2.143590
v 23.000000 58.143590 5.856410
v 15.000000 58.143590 5.856410
v 15.000000 56.000000 2.143590
v 15.000000 56.000000 2.143590
v 15.000000 58.143590 5.856410
v 15.000000 64.000000 0.000000
v 23.000000 61.856410 8.000000
v 23.000000 58.143590 5.856410
v 23.000000 64.000000 0.000000
v 23.000000 58.143590 5.856410
v 23.000000 61.856410 8.000000
v 15.000000 61.856410 8.000000
v 15.000000 58.143590 5.856410
v 15.000000 58.143590 5.856410
v 15.000000 61.856410 8.000000
v 15.000000 64.000000 0.000000
v 23.000000 66.143590 8.000000
v 23.000000 61.856410 8.000000
v 23.000000 64.000000 0.000000
v 23.000000 61.856410 8.000000
v 23.000000 66.143590 8.000000
v 15.000000 66.143590 8.000000
v 15.000000 61.856410 8.000000
v 15.000000 61.856410 8.000000
v 15.000000 66.143590 8.000000
v 15.000000 64.000000 0.000000
v 23.000000 69.856410 5.856410
v 23.000000 66.143590 8.000000
v 23.000000 64.000000 0.000000
v 23.000000 66.143590 8.000000
v 23.000000 69.856410 5.856410
v 15.000000 69.856410 5.856410
v 15.000000 66.143590 8.000000
v 15.000000 66.143590 8.000000
v 15.000000 69.856410 5.856410
v 15.000000 64.000000 0.000000
v 23.000000 72.000000 2.143590
v 23.000000 69.856410 5.856410
v 23.000000 64.000000 0.000000
v 23.000000 69.856410 5.856410
v 23.000000 72.000000 2.143590
v 15.000000 72.000000 2.143590
v 15.000000 69.856410 5.856410
v 15.000000 69.856410 5.856410
v 15.000000 72.000000 2.143590
v 15.000000 64.000000 0.000000
v 23.000000 72.000000 -2.143590
v 23.000000 72.000000 2.143590
v 23.000000 64.000000 0.000000
v 23.000000 72.000000 2.143590
v 23.000000 72.000000 -2.143590
v 15.000000 72.000000 -2.143590
v 15.000000 72.000000 2.143590
v 15.000000 72.000000 2.143590
v 15.000000 72.000000 -2.143590
v 15.000000 64.000000 0.000000
v 23.000000 69.856410 -5.856410
v 23.000000 72.000000 -2.143590
v 23.000000 64.000000 0.000000
v 23.000000 72.000000 -2.143590
v 23.000000 69.856410 -5.856410
v 15.000000 69.856410 -5.856410
v 15.000000 72.000000 -2.143590
v 15.000000 72.000000 -2.143590
v 15.000000 69.856410 -5.856410
v 15.000000 64.000000 0.000000
v 23.000000 66.143590 -8.000000
v 23.000000 69.856410 -5.856410
v 23.000000 64.000000 0.000000
v 23.000000 69.856410 -5.856410
v 23.000000 66.143590 -8.000000
v 15.000000 66.143590 -8.000000
v 15.000000 69.856410 -5.856410
v 15.000000 69.856410 -5.856410
v 15.000000 66.143590 -8.000000
v 15.000000 64.000000 0.000000
v 23.000000 61.856410 -8.000000
v 23.000000 66.143590 -8.000000
v 23.000000 64.000000 0.000000
v 23.000000 66.143590 -8.000000
v 23.000000 61.856410 -8.000000
v 15.000000 61.856410 -8.000000
v 15.000000 66.143590 -8.000000
v 15.000000 66.143590 -8.000000
v 15.000000 61.856410 -8.000000
v 15.000000 64.000000 0.000000
v 23.000000 58.143590 -5.856410
v 23.000000 61.856410 -8.000000
v 23.000000 64.000000 0.000000
v 23.000000 61.856410 -8.000000
v 23.000000 58.143590 -5.856410
v 15.000000 58.143590 -5.856410
v 15.000000 61.856410 -8.000000
v 15.000000 61.856410 -8.000000
v 15.000000 58.143590 -5.856410
v 15.000000 64.000000 0.000000
v 23.000000 56.000000 -2.143590
v 23.000000 58.143590 -5.856410
v 23.000000 64.000000 0.000000
v 23.000000 58.143590 -5.856410
v 23.000000 56.000000 -2.143590
v 15.000000 56.000000 -2.143590
v 15.000000 58.143590 -5.856410
v 15.000000 58.143590 -5.856410
v 15.000000 56.000000 -2.143590
v 15.000000 64.000000 0.000000
v 23.000000 56.000000 2.143590
v 23.000000 56.000000 -2.143590
v 23.000000 64.000000 0.000000
v 23.000000 56.000000 -2.143590
v 23.000000 56.000000 2.143590
v 15.000000 56.000000 2.143590
v 15.000000 56.000000 -2.143590
v 15.000000 56.000000 -2.143590
v 15.000000 56.000000 2.143590
v 15.000000 64.000000 0.000000
v 31.000000 58.143590 5.856410
v 31.000000 56.000000 2.143590
v 31.000000 64.000000 0.000000
v 31.000000 56.000000 2.143590
v 31.000000 58.143590 5.856410
v 23.000000 58.143590 5.856410
v 23.000000 56.000000 2.143590
v 23.000000 56.000000 2.143590
v 23.000000 58.143590 5.856410
v 23.000000 64.000000 0.000000
v 31.000000 61.856410 8.000000
v 31.000000 58.143590 5.856410
v 31.000000 64.000000 0.000000
v 31.000000 58.143590 5.856410
v 31.000000 61.856410 8.000000
v 23.000000 61.856410 8.000000
v 23.000000 58.143590 5.856410
v 23.000000 58.143590 5.856410
v 23.000000 61.856410 8.000000
v 23.000000 64.000000 0.000000
v 31.000000 66.143590 8.000000
v 31.000000 61.856410 8.000000
v 31.000000 64.000000 0.000000
v 31.000000 61.856410 8.000000
v 31.000000 66.143590 8.000000
v 23.000000 66.143590 8.000000
v 23.000000 61.856410 8.000000
v 23.000000 61.856410 8.000000
v 23.000000 66.143590 8.000000
v 23.000000 64.000000 0.000000
v 31.000000 69.856410 5.856410
v 31.000000 66.143590 8.000000
v 31.000000 64.000000 0.000000
v 31.000000 66.143590 8.000000
v 31.000000 69.856410 5.856410
v 23.000000 69.856410 5.856410
v 23.000000 66.143590 8.000000
v 23.000000 66.143590 8.000000
v 23.000000 69.856410 5.856410
v 23.000000 64.000000 0.000000
v 31.000000 72.000000 2.143590
v 31.000000 69.856410 5.856410
v 31.000000 64.000000 0.000000
v 31.000000 69.856410 5.856410
v 31.000000 72.000000 2.143590
v 23.000000 72.000000 2.143590
v 23.000000 69.856410 5.856410
v 23.000000 69.856410 5.856410
v 23.000000 72.000000 2.143590
v 23.000000 64.000000 0.000000
v 31.000000 72.000000 -2.143590
v 31.000000 72.000000 2.143590
v 31.000000 64.000000 0.000000
v 31.000000 72.000000 2.143590
v 31.000000 72.000000 -2.143590
v 23.000000 72.000000 -2.143590
v 23.000000 72.000000 2.143590
v 23.000000 72.000000 2.143590
v 23.000000 72.000000 -2.143590
v 23.000000 64.000000 0.000000
v 31.000000 69.856410 -5.856410
v 31.000000 72.000000 -2.143590
v 31.000000 64.000000 0.000000
v 31.000000 72.000000 -2.143590
v 31.000000 69.856410 -5.856410
v 23.000000 69.856410 -5.856410
v 23.000000 72.000000 -2.143590
v 23.000000 72.000000 -2.143590
v 23.000000 69.856410 -5.856410
v 23.000000 64.000000 0.000000
v 31.000000 66.143590 -8.000000
v 31.000000 69.856410 -5.856410
v 31.000000 64.000000 0.000000
v 31.000000 69.856410 -5.856410
v 31.000000 66.143590 -8.000000
v 23.000000 66.143590 -8.000000
v 23.000000 69.856410 -5.856410
v 23.000000 69.856410 -5.856410
v 23.000000 66.143590 -8.000000
v 23.000000 64.000000 0.000000
v 31.000000 61.856410 -8.000000
v 31.000000 66.143590 -8.000000
v 31.000000 64.000000 0.000000
v 31.000000 66.143590 -8.000000
v 31.000000 61.856410 -8.000000
v 23.000000 61.856410 -8.000000
v 23.000000 66.143590 -8.000000
v 23.000000 66.143590 -8.000000
v 23.000000 61.856410 -8.000000
v 23.000000 64.000000 0.000000
v 31.000000 58.143590 -5.856410
v 31.000000 61.856410 -8.000000
v 31.000000 64.000000 0.000000
v 31.000000 61.856410 -8.000000
v 31.000000 58.143590 -5.856410
v 23.000000 58.143590 -5.856410
v 23.000000 61.856410 -8.000000
v 23.000000 61.856410 -8.000000
v 23.000000 58.143590 -5.856410
v 23.000000 64.000000 0.000000
v 31.000000 56.000000 -2.143590
v 31.000000 58.143590 -5.856410
v 31.000000 64.000000 0.000000
v 31.000000 58.143590 -5.856410
v 31.000000 56.000000 -2.143590
v 23.000000 56.000000 -2.143590
v 23.000000 58.143590 -5.856410
v 23.000000 58.143590 -5.856410
v 23.000000 56.000000 -2.143590
v 23.000000 64.000000 0.000000
v 31.000000 56.000000 2.143590
v 31.000000 56.000000 -2.143590
v 31.000000 64.000000 0.000000
v 31.000000 56.000000 -2.143590
v 31.000000 56.000000 2.143590
v 23.000000 56.000000 2.143590
v 23.000000 56.000000 -2.143590
v 23.000000 56.000000 -2.143590
v 23.000000 56.000000 2.143590
v 23.000000 64.000000 0.000000
v -16.000000 48.000000 -4.000000
v -16.000000 48.000000 4.000000
v -16.000000 34.000000 4.000000
v -16.000000 34.000000 -4.000000
v -24.000000 34.000000 4.000000
v -24.000000 48.000000 4.000000
v -24.000000 48.000000 -4.000000
v -24.000000 34.000000 -4.000000
v -24.000000 48.000000 4.000000
v -16.000000 48.000000 4.000000
v -16.000000 48.000000 -4.000000
v -24.000000 48.000000 -4.000000
v -16.000000 34.000000 -4.000000
v -16.000000 34.000000 4.000000
v -24.000000 34.000000 4.000000
v -24.000000 34.000000 -4.000000
v -16.000000 34.000000 4.000000
v -16.000000 48.000000 4.000000
v -24.000000 48.000000 4.000000
v -24.000000 34.000000 4.000000
v -24.000000 48.000000 -4.000000
v -16.000000 48.000000 -4.000000
v -16.000000 34.000000 -4.000000
v -24.000000 34.000000 -4.000000
v 24.000000 48.000000 -4.000000
v 24.000000 48.000000 4.000000
v 24.000000 34.000000 4.000000
v 24.000000 34.000000 -4.000000
v 16.000000 34.000000 4.000000
v 16.000000 48.000000 4.000000
v 16.000000 48.000000 -4.000000
v 16.000000 34.000000 -4.000000
v 16.000000 48.000000 4.000000
v 24.000000 48.000000 4.000000
v 24.000000 48.000000 -4.000000
v 16.000000 48.000000 -4.000000
v 24.000000 34.000000 -4.000000
v 24.000000 34.000000 4.000000
v 16.000000 34.000000 4.000000
v 16.000000 34.000000 -4.000000
v 24.000000 34.000000 4.000000
v 24.000000 48.000000 4.000000
v 16.000000 48.000000 4.000000
v 16.000000 34.000000 4.000000
v 16.000000 48.000000 -4.000000
v 24.000000 48.000000 -4.000000
v 24.000000 34.000000 -4.000000
v 16.000000 34.000000 -4.000000
v -19.464100 37.464100 2.000000
v -18.535900 37.464100 1.464100
v -20.000000 38.000000 0.000000
v -19.464100 37.464100 2.000000
v -19.071800 36.000000 3.464100
v -17.464100 36.000000 2.535900
v -18.535900 37.464100 1.464100
v -19.071800 36.000000 3.464100
v -18.928200 34.000000 4.000000
v -17.071800 34.000000 2.928200
v -17.464100 36.000000 2.535900
v -18.928200 34.000000 4.000000
v -19.071800 32.000000 3.464100
v -17.464100 32.000000 2.535900
v -17.071800 34.000000 2.928200
v -19.071800 32.000000 3.464100
v -19.464100 30.535900 2.000000
v -18.535900 30.535900 1.464100
v -17.464100 32.000000 2.535900
v -18.535900 30.535900 1.464100
v -19.464100 30.535900 2.000000
v -20.000000 30.000000 0.000000
v -18.535900 37.464100 1.464100
v -18.000000 37.464100 0.535900
v -20.000000 38.000000 0.000000
v -18.535900 37.464100 1.464100
v -17.464100 36.000000 2.535900
v -16.535900 36.000000 0.928200
v -18.000000 37.464100 0.535900
v -17.464100 36.000000 2.535900
v -17.071800 34.000000 2.928200
v -16.000000 34.000000 1.071800
v -16.535900 36.000000 0.928200
v -17.071800 34.000000 2.928200
v -17.464100 32.000000 2.535900
v -16.535900 32.000000 0.928200
v -16.000000 34.000000 1.071800
v -17.464100 32.000000 2.535900
v -18.535900 30.535900 1.464100
v -18.000000 30.535900 0.535900
v -16.535900 32.000000 0.928200
v -18.000000 30.535900 0.535900
v -18.535900 30.535900 1.464100
v -20.000000 30.000000 0.000000
v -18.000000 37.464100 0.535900
v -18.000000 37.464100 -0.535900
v -20.000000 38.000000 0.000000
v -18.000000 37.464100 0.535900
v -16.535900 36.000000 0.928200
v -16.535900 36.000000 -0.928200
v -18.000000 37.464100 -0.535900
v -16.535900 36.000000 0.928200
v -16.000000 34.000000 1.071800
v -16.000000 34.000000 -1.071800
v -16.535900 36.000000 -0.928200
v -16.000000 34.000000 1.071800
v -16.535900 32.000000 0.928200
v -16.535900 32.000000 -0.928200
v -16.000000 34.000000 -1.071800
v -16.535900 32.000000 0.928200
v -18.000000 30.535900 0.535900
v -18.000000 30.535900 -0.535900
v -16.535900 32.000000 -0.928200
v -18.000000 30.535900 -0.535900
v -18.000000 30.535900 0.535900
v -20.000000 30.000000 0.000000
v -18.000000 37.464100 -0.535900
v -18.535900 37.464100 -1.464100
v -20.000000 38.000000 0.000000
v -18.000000 37.464100 -0.535900
v -16.535900 36.000000 -0.928200
v -17.464100 36.000000 -2.535900
v -18.535900 37.464100 -1.464100
v -16.535900 36.000000 -0.928200
v -16.000000 34.000000 -1.071800
v -17.071800 34.000000 -2.928200
v -17.464100 36.000000 -2.535900
v -16.000000 34.000000 -1.071800
v -16.535900 32.000000 -0.928200
v -17.464100 32.000000 -2.535900
v -17.071800 34.000000 -2.928200
v -16.535900 32.000000 -0.928200
v -18.000000 30.535900 -0.535900
v -18.535900 30.535900 -1.464100
v -17.464100 32.000000 -2.535900
v -18.535900 30.535900 -1.464100
v -18.000000 30.535900 -0.535900
v -20.000000 30.000000 0.000000
v -18.535900 37.464100 -1.464100
v -19.464100 37.464100 -2.000000
v -20.000000 38.000000 0.000000
v -18.535900 37.464100 -1.464100
v -17.464100 36.000000 -2.535900
v -19.071800 36.000000 -3.464100
v -19.464100 37.464100 -2.000000
v -17.464100 36.000000 -2.535900
v -17.071800 34.000000 -2.928200
v -18.928200 34.000000 -4.000000
v -19.071800 36.000000 -3.464100
v -17.071800 34.000000 -2.928200
v -17.464100 32.000000 -2.535900
v -19.071800 32.000000 -3.464100
v -18.928200 34.000000 -4.000000
v -17.464100 32.000000 -2.535900
v -18.535900 30.535900 -1.464100
v -19.464100 30.535900 -2.000000
v -19.071800 32.000000 -3.464100
v -19.464100 30.535900 -2.000000
v -18.535900 30.535900 -1.464100
v -20.000000 30.000000 0.000000
v -19.464100 37.464100 -2.000000
v -20.535900 37.464100 -2.000000
v -20.000000 38.000000 0.000000
v -19.464100 37.464100 -2.000000
v -19.071800 36.000000 -3.464100
v -20.928200 36.000000 -3.464100
v -20.535900 37.464100 -2.000000
v -19.071800 36.000000 -3.464100
v -18.928200 34.000000 -4.000000
v -21.071800 34.000000 -4.000000
v -20.928200 36.000000 -3.464100
v -18.928200 34.000000 -4.000000
v -19.071800 32.000000 -3.464100
v -20.928200 32.000000 -3.464100
v -21.071800 34.000000 -4.000000
v -19.071800 32.000000 -3.464100
v -19.464100 30.535900 -2.000000
v -20.535900 30.535900 -2.000000
v -20.928200 32.000000 -3.464100
v -20.535900 30.535900 -2.000000
v -19.464100 30.535900 -2.000000
v -20.000000 30.000000 0.000000
v -20.535900 37.464100 -2.000000
v -21.464100 37.464100 -1.464100
v -20.000000 38.000000 0.000000
v -20.535900 37.464100 -2.000000
v -20.928200 36.000000 -3.464100
v -22.535900 36.000000 -2.535900
v -21.464100 37.464100 -1.464100
v -20.928200 36.000000 -3.464100
v -21.071800 34.000000 -4.000000
v -22.928200 34.000000 -2.928200
v -22.535900 36.000000 -2.535900
v -21.071800 34.000000 -4.000000
v -20.928200 32.000000 -3.464100
v -22.535900 32.000000 -2.535900
v -22.928200 34.000000 -2.928200
v -20.928200 32.000000 -3.464100
v -20.535900 30.535900 -2.000000
v -21.464100 30.535900 -1.464100
v -22.535900 32.000000 -2.535900
v -21.464100 30.535900 -1.464100
v -20.535900 30.535900 -2.000000
v -20.000000 30.000000 0.000000
v -21.464100 37.464100 -1.464100
v -22.000000 37.464100 -0.535900
v -20.000000 38.000000 0.000000
v -21.464100 37.464100 -1.464100
v -22.535900 36.000000 -2.535900
v -23.464100 36.000000 -0.928200
v -22.000000 37.464100 -0.535900
v -22.535900 36.000000 -2.535900
v -22.928200 34.000000 -2.928200
v -24.000000 34.000000 -1.071800
v -23.464100 36.000000 -0.928200
v -22.928200 34.000000 -2.928200
v -22.535900 32.000000 -2.535900
v -23.464100 32.000000 -0.928200
v -24.000000 34.000000 -1.071800
v -22.535900 32.000000 -2.535900
v -21.464100 30.535900 -1.464100
v -22.000000 30.535900 -0.535900
v -23.464100 32.000000 -0.928200
v -22.000000 30.535900 -0.535900
v -21.464100 30.535900 -1.464100
v -20.000000 30.000000 0.000000
v -22.000000 37.464100 -0.535900
v -22.000000 37.464100 0.535900
v -20.000000 38.000000 0.000000
v -22.000000 37.464100 -0.535900
v -23.464100 36.000000 -0.928200
v -23.464100 36.000000 0.928200
v -22.000000 37.464100 0.535900
v -23.464100 36.000000 -0.928200
v -24.000000 34.000000 -1.071800
v -24.000000 34.000000 1.071800
v -23.464100 36.000000 0.928200
v -24.000000 34.000000 -1.071800
v -23.464100 32.000000 -0.928200
v -23.464100 32.000000 0.928200
v -24.000000 34.000000 1.071800
v -23.464100 32.000000 -0.928200
v -22.000000 30.535900 -0.535900
v -22.000000 30.535900 0.535900
v -23.464100 32.000000 0.928200
v -22.000000 30.535900 0.535900
v -22.000000 30.535900 -0.535900
v -20.000000 30.000000 0.000000
v -22.000000 37.464100 0.535900
v -21.464100 37.464100 1.464100
v -20.000000 38.000000 0.000000
v -22.000000 37.464100 0.535900
v -23.464100 36.000000 0.928200
v -22.535900 36.000000 2.535900
v -21.464100 37.464100 1.464100
v -23.464100 36.000000 0.928200
v -24.000000 34.000000 1.071800
v -22.928200 34.000000 2.928200
v -22.535900 36.000000 2.535900
v -24.000000 34.000000 1.071800
v -23.464100 32.000000 0.928200
v -22.535900 32.000000 2.535900
v -22.928200 34.000000 2.928200
v -23.464100 32.000000 0.928200
v -22.000000 30.535900 0.535900
v -21.464100 30.535900 1.464100
v -22.535900 32.000000 2.535900
v -21.464100 30.535900 1.464100
v -22.000000 30.535900 0.535900
v -20.000000 30.000000 0.000000
v -21.464100 37.464100 1.464100
v -20.535900 37.464100 2.000000
v -20.000000 38.000000 0.000000
v -21.464100 37.464100 1.464100
v -22.535900 36.000000 2.535900
v -20.928200 36.000000 3.464100
v -20.535900 37.464100 2.000000
v -22.535900 36.000000 2.535900
v -22.928200 34.000000 2.928200
v -21.071800 34.000000 4.000000
v -20.928200 36.000000 3.464100
v -22.928200 34.000000 2.928200
v -22.535900 32.000000 2.535900
v -20.928200 32.000000 3.464100
v -21.071800 34.000000 4.000000
v -22.535900 32.000000 2.535900
v -21.464100 30.535900 1.464100
v -20.535900 30.535900 2.000000
v -20.928200 32.000000 3.464100
v -20.535900 30.535900 2.000000
v -21.464100 30.535900 1.464100
v -20.000000 30.000000 0.000000
v -20.535900 37.464100 2.000000
v -19.464100 37.464100 2.000000
v -20.000000 38.000000 0.000000
v -20.535900 37.464100 2.000000
v -20.928200 36.000000 3.464100
v -19.071800 36.000000 3.464100
v -19.464100 37.464100 2.000000
v -20.928200 36.000000 3.464100
v -21.071800 34.000000 4.000000
v -18.928200 34.000000 4.000000
v -19.071800 36.000000 3.464100
v -21.071800 34.000000 4.000000
v -20.928200 32.000000 3.464100
v -19.071800 32.000000 3.464100
v -18.928200 34.000000 4.000000
v -20.928200 32.000000 3.464100
v -20.535900 30.535900 2.000000
v -19.464100 30.535900 2.000000
v -19.071800 32.000000 3.464100
v -19.464100 30.535900 2.000000
v -20.535900 30.535900 2.000000
v -20.000000 30.000000 0.000000
v 20.535900 37.464100 2.000000
v 21.464100 37.464100 1.464100
v 20.000000 38.000000 0.000000
v 20.535900 37.464100 2.000000
v 20.928200 36.000000 3.464100
v 22.535900 36.000000 2.535900
v 21.464100 37.464100 1.464100
v 20.928200 36.000000 3.464100
v 21.071800 34.000000 4.000000
v 22.928200 34.000000 2.928200
v 22.535900 36.000000 2.535900
v 21.071800 34.000000 4.000000
v 20.928200 32.000000 3.464100
v 22.535900 32.000000 2.535900
v 22.928200 34.000000 2.928200
v 20.928200 32.000000 3.464100
v 20.535900 30.535900 2.000000
v 21.464100 30.535900 1.464100
v 22.535900 32.000000 2.535900
v 21.464100 30.535900 1.464100
v 20.535900 30.535900 2.000000
v 20.000000 30.000000 0.000000
v 21.464100 37.464100 1.464100
v 22.000000 37.464100 0.535900
v 20.000000 38.000000 0.000000
v 21.464100 37.464100 1.464100
v 22.535900 36.000000 2.535900
v 23.464100 36.000000 0.928200
v 22.000000 37.464100 0.535900
v 22.535900 36.000000 2.535900
v 22.928200 34.000000 2.928200
v 24.000000 34.000000 1.071800
v 23.464100 36.000000 0.928200
v 22.928200 34.000000 2.928200
v 22.535900 32.000000 2.535900
v 23.464100 32.000000 0.928200
v 24.000000 34.000000 1.071800
v 22.535900 32.000000 2.535900
v 21.464100 30.535900 1.464100
v 22.000000 30.535900 0.535900
v 23.464100 32.000000 0.928200
v 22.000000 30.535900 0.535900
v 21.464100 30.535900 1.464100
v 20.000000 30.000000 0.000000
v 22.000000 37.464100 0.535900
v 22.000000 37.464100 -0.535900
v 20.000000 38.000000 0.000000
v 22.000000 37.464100 0.535900
v 23.464100 36.000000 0.928200
v 23.464100 36.000000 -0.928200
v 22.000000 37.464100 -0.535900
v 23.464100 36.000000 0.928200
v 24.000000 34.000000 1.071800
v 24.000000 34.000000 -1.071800
v 23.464100 36.000000 -0.928200
v 24.000000 34.000000 1.071800
v 23.464100 32.000000 0.928200
v 23.464100 32.000000 -0.928200
v 24.000000 34.000000 -1.071800
v 23.464100 32.000000 0.928200
v 22.000000 30.535900 0.535900
v 22.000000 30.535900 -0.535900
v 23.464100 32.000000 -0.928200
v 22.000000 30.535900 -0.535900
v 22.000000 30.535900 0.535900
v 20.000000 30.000000 0.000000
v 22.000000 37.464100 -0.535900
v 21.464100 37.464100 -1.464100
v 20.000000 38.000000 0.000000
v 22.000000 37.464100 -0.535900
v 23.464100 36.000000 -0.928200
v 22.535900 36.000000 -2.535900
v 21.464100 37.464100 -1.464100
v 23.464100 36.000000 -0.928200
v 24.000000 34.000000 -1.071800
v 22.928200 34.000000 -2.928200
v 22.535900 36.000000 -2.535900
v 24.000000 34.000000 -1.071800
v 23.464100 32.000000 -0.928200
v 22.535900 32.000000 -2.535900
v 22.928200 34.000000 -2.928200
v 23.464100 32.000000 -0.928200
v 22.000000 30.535900 -0.535900
v 21.464100 30.535900 -1.464100
v 22.535900 32.000000 -2.535900
v 21.464100 30.535900 -1.464100
v 22.000000 30.535900 -0.535900
v 20.000000 30.000000 0.000000
v 21.464100 37.464100 -1.464100
v 20.535900 37.464100 -2.000000
v 20.000000 38.000000 0.000000
v 21.464100 37.464100 -1.464100
v 22.535900 36.000000 -2.535900
v 20.928200 36.000000 -3.464100
v 20.535900 37.464100 -2.000000
v 22.535900 36.000000 -2.535900
v 22.928200 34.000000 -2.928200
v 21.071800 34.000000 -4.000000
v 20.928200 36.000000 -3.464100
v 22.928200 34.000000 -2.928200
v 22.535900 32.000000 -2.535900
v 20.928200 32.000000 -3.464100
v 21.071800 34.000000 -4.000000
v 22.535900 32.000000 -2.535900
v 21.464100 30.535900 -1.464100
v 20.535900 30.535900 -2.000000
v 20.928200 32.000000 -3.464100
v 20.535900 30.535900 -2.000000
v 21.464100 30.535900 -1.464100
v 20.000000 30.000000 0.000000
v 20.535900 37.464100 -2.000000
v 19.464100 37.464100 -2.000000
v 20.000000 38.000000 0.000000
v 20.535900 37.464100 -2.000000
v 20.928200 36.000000 -3.464100
v 19.071800 36.000000 -3.464100
v 19.464100 37.464100 -2.000000
v 20.928200 36.000000 -3.464100
v 21.071800 34.000000 -4.000000
v 18.928200 34.000000 -4.000000
v 19.071800 36.000000 -3.464100
v 21.071800 34.000000 -4.000000
v 20.928200 32.000000 -3.464100
v 19.071800 32.000000 -3.464100
v 18.928200 34.000000 -4.000000
v 20.928200 32.000000 -3.464100
v 20.535900 30.535900 -2.000000
v 19.464100 30.535900 -2.000000
v 19.071800 32.000000 -3.464100
v 19.464100 30.535900 -2.000000
v 20.535900 30.535900 -2.000000
v 20.000000 30.000000 0.000000
v 19.464100 37.464100 -2.000000
v 18.535900 37.464100 -1.464100
v 20.000000 38.000000 0.000000
v 19.464100 37.464100 -2.000000
v 19.071800 36.000000 -3.464100
v 17.464100 36.000000 -2.535900
v 18.535900 37.464100 -1.464100
v 19.071800 36.000000 -3.464100
v 18.928200 34.000000 -4.000000
v 17.071800 34.000000 -2.928200
v 17.464100 36.000000 -2.535900
v 18.928200 34.000000 -4.000000
v 19.071800 32.000000 -3.464100
v 17.464100 32.000000 -2.535900
v 17.071800 34.000000 -2.928200
v 19.071800 32.000000 -3.464100
v 19.464100 30.535900 -2.000000
v 18.535900 30.535900 -1.464100
v 17.464100 32.000000 -2.535900
v 18.535900 30.535900 -1.464100
v 19.464100 30.535900 -2.000000
v 20.000000 30.000000 0.000000
v 18.535900 37.464100 -1.464100
v 18.000000 37.464100 -0.535900
v 20.000000 38.000000 0.000000
v 18.535900 37.464100 -1.464100
v 17.464100 36.000000 -2.535900
v 16.535900 36.000000 -0.928200
v 18.000000 37.464100 -0.535900
v 17.464100 36.000000 -2.535900
v 17.071800 34.000000 -2.928200
v 16.000000 34.000000 -1.071800
v 16.535900 36.000000 -0.928200
v 17.071800 34.000000 -2.928200
v 17.464100 32.000000 -2.535900
v 16.535900 32.000000 -0.928200
v 16.000000 34.000000 -1.071800
v 17.464100 32.000000 -2.535900
v 18.535900 30.535900 -1.464100
v 18.000000 30.535900 -0.535900
v 16.535900 32.000000 -0.928200
v 18.000000 30.535900 -0.535900
v 18.535900 30.535900 -1.464100
v 20.000000 30.000000 0.000000
v 18.000000 37.464100 -0.535900
v 18.000000 37.464100 0.535900
v 20.000000 38.000000 0.000000
v 18.000000 37.464100 -0.535900
v 16.535900 36.000000 -0.928200
v 16.535900 36.000000 0.928200
v 18.000000 37.464100 0.535900
v 16.535900 36.000000 -0.928200
v 16.000000 34.000000 -1.071800
v 16.000000 34.000000 1.071800
v 16.535900 36.000000 0.928200
v 16.000000 34.000000 -1.071800
v 16.535900 32.000000 -0.928200
v 16.535900 32.000000 0.928200
v 16.000000 34.000000 1.071800
v 16.535900 32.000000 -0.928200
v 18.000000 30.535900 -0.535900
v 18.000000 30.535900 0.535900
v 16.535900 32.000000 0.928200
v 18.000000 30.535900 0.535900
v 18.000000 30.535900 -0.535900
v 20.000000 30.000000 0.000000
v 18.000000 37.464100 0.535900
v 18.535900 37.464100 1.464100
v 20.000000 38.000000 0.000000
v 18.000000 37.464100 0.535900
v 16.535900 36.000000 0.928200
v 17.464100 36.000000 2.535900
v 18.535900 37.464100 1.464100
v 16.535900 36.000000 0.928200
v 16.000000 34.000000 1.071800
v 17.071800 34.000000 2.928200
v 17.464100 36.000000 2.535900
v 16.000000 34.000000 1.071800
v 16.535900 32.000000 0.928200
v 17.464100 32.000000 2.535900
v 17.071800 34.000000 2.928200
v 16.535900 32.000000 0.928200
v 18.000000 30.535900 0.535900
v 18.535900 30.535900 1.464100
v 17.464100 32.000000 2.535900
v 18.535900 30.535900 1.464100
v 18.000000 30.535900 0.535900
v 20.000000 30.000000 0.000000
v 18.535900 37.464100 1.464100
v 19.464100 37.464100 2.000000
v 20.000000 38.000000 0.000000
v 18.535900 37.464100 1.464100
v 17.464100 36.000000 2.535900
v 19.071800 36.000000 3.464100
v 19.464100 37.464100 2.000000
v 17.464100 36.000000 2.535900
v 17.071800 34.000000 2.928200
v 18.928200 34.000000 4.000000
v 19.071800 36.000000 3.464100
v 17.071800 34.000000 2.928200
v 17.464100 32.000000 2.535900
v 19.071800 32.000000 3.464100
v 18.928200 34.000000 4.000000
v 17.464100 32.000000 2.535900
v 18.535900 30.535900 1.464100
v 19.464100 30.535900 2.000000
v 19.071800 32.000000 3.464100
v 19.464100 30.535900 2.000000
v 18.535900 30.535900 1.464100
v 20.000000 30.000000 0.000000
v 19.464100 37.464100 2.000000
v 20.535900 37.464100 2.000000
v 20.000000 38.000000 0.000000
v 19.464100 37.464100 2.000000
v 19.071800 36.000000 3.464100
v 20.928200 36.000000 3.464100
v 20.535900 37.464100 2.000000
v 19.071800 36.000000 3.464100
v 18.928200 34.000000 4.000000
v 21.071800 34.000000 4.000000
v 20.928200 36.000000 3.464100
v 18.928200 34.000000 4.000000
v 19.071800 32.000000 3.464100
v 20.928200 32.000000 3.464100
v 21.071800 34.000000 4.000000
v 19.071800 32.000000 3.464100
v 19.464100 30.535900 2.000000
v 20.535900 30.535900 2.000000
v 20.928200 32.000000 3.464100
v 20.535900 30.535900 2.000000
v 19.464100 30.535900 2.000000
v 20.000000 30.000000 0.000000
v 24.000000 31.000000 -3.000000
v 24.000000 31.000000 3.000000
v 24.000000 25.000000 3.000000
v 24.000000 25.000000 -3.000000
v 20.000000 25.000000 3.000000
v 20.000000 31.000000 3.000000
v 20.000000 31.000000 -3.000000
v 20.000000 25.000000 -3.000000
v 20.000000 31.000000 3.000000
v 24.000000 31.000000 3.000000
v 24.000000 31.000000 -3.000000
v 20.000000 31.000000 -3.000000
v 24.000000 25.000000 -3.000000
v 24.000000 25.000000 3.000000
v 20.000000 25.000000 3.000000
v 20.000000 25.000000 -3.000000
v 24.000000 25.000000 3.000000
v 24.000000 31.000000 3.000000
v 20.000000 31.000000 3.000000
v 20.000000 25.000000 3.000000
v 20.000000 31.000000 -3.000000
v 24.000000 31.000000 -3.000000
v 24.000000 25.000000 -3.000000
v 20.000000 25.000000 -3.000000
v -20.000000 31.000000 -3.000000
v -20.000000 31.000000 3.000000
v -20.000000 25.000000 3.000000
v -20.000000 25.000000 -3.000000
v -24.000000 25.000000 3.000000
v -24.000000 31.000000 3.000000
v -24.000000 31.000000 -3.000000
v -24.000000 25.000000 -3.000000
v -24.000000 31.000000 3.000000
v -20.000000 31.000000 3.000000
v -20.000000 31.000000 -3.000000
v -24.000000 31.000000 -3.000000
v -20.000000 25.000000 -3.000000
v -20.000000 25.000000 3.000000
v -24.000000 25.000000 3.000000
v -24.000000 25.000000 -3.000000
v -20.000000 25.000000 3.000000
v -20.000000 31.000000 3.000000
v -24.000000 31.000000 3.000000
v -24.000000 25.000000 3.000000
v -24.000000 31.000000 -3.000000
v -20.000000 31.000000 -3.000000
v -20.000000 25.000000 -3.000000
v -24.000000 25.000000 -3.000000
v 24.200345 25.720006 -3.000000
v 24.200345 25.720006 3.000000
v 23.158456 19.811160 3.000000
v 23.158456 19.811160 -3.000000
v 21.188840 20.158456 3.000000
v 22.230729 26.067302 3.000000
v 22.230729 26.067302 -3.000000
v 21.188840 20.158456 -3.000000
v 22.230729 26.067302 3.000000
v 24.200345 25.720006 3.000000
v 24.200345 25.720006 -3.000000
v 22.230729 26.067302 -3.000000
v 23.158456 19.811160 -3.000000
v 23.158456 19.811160 3.000000
v 21.188840 20.158456 3.000000
v 21.188840 20.158456 -3.000000
v 23.158456 19.811160 3.000000
v 24.200345 25.720006 3.000000
v 22.230729 26.067302 3.000000
v 21.188840 20.158456 3.000000
v 22.230729 26.067302 -3.000000
v 24.200345 25.720006 -3.000000
v 23.158456 19.811160 -3.000000
v 21.188840 20.158456 -3.000000
v -22.230729 26.067302 -3.000000
v -22.230729 26.067302 3.000000
v -21.188840 20.158456 3.000000
v -21.188840 20.158456 -3.000000
v -23.158456 19.811160 3.000000
v -24.200345 25.720006 3.000000
v -24.200345 25.720006 -3.000000
v -23.158456 19.811160 -3.000000
v -24.200345 25.720006 3.000000
v -22.230729 26.067302 3.000000
v -22.230729 26.067302 -3.000000
v -24.200345 25.720006 -3.000000
v -21.188840 20.158456 -3.000000
v -21.188840 20.158456 3.000000
v -23.158456 19.811160 3.000000
v -23.158456 19.811160 -3.000000
v -21.188840 20.158456 3.000000
v -22.230729 26.067302 3.000000
v -24.200345 25.720006 3.000000
v -23.158456 19.811160 3.000000
v -24.200345 25.720006 -3.000000
v -22.230729 26.067302 -3.000000
v -21.188840 20.158456 -3.000000
v -23.158456 19.811160 -3.000000
v -19.230729 27.067302 -4.000000
v -19.230729 27.067302 -2.000000
v -18.188840 21.158456 -2.000000
v -18.188840 21.158456 -4.000000
v -20.158456 20.811160 -2.000000
v -21.200345 26.720006 -2.000000
v -21.200345 26.720006 -4.000000
v -20.158456 20.811160 -4.000000
v -21.200345 26.720006 -2.000000
v -19.230729 27.067302 -2.000000
v -19.230729 27.067302 -4.000000
v -21.200345 26.720006 -4.000000
v -18.188840 21.158456 -4.000000
v -18.188840 21.158456 -2.000000
v -20.158456 20.811160 -2.000000
v -20.158456 20.811160 -4.000000
v -18.188840 21.158456 -2.000000
v -19.230729 27.067302 -2.000000
v -21.200345 26.720006 -2.000000
v -20.158456 20.811160 -2.000000
v -21.200345 26.720006 -4.000000
v -19.230729 27.067302 -4.000000
v -18.188840 21.158456 -4.000000
v -20.158456 20.811160 -4.000000
v 21.200345 26.720006 -4.000000
v 21.200345 26.720006 -2.000000
v 20.158456 20.811160 -2.000000
v 20.158456 20.811160 -4.000000
v 18.188840 21.158456 -2.000000
v 19.230729 27.067302 -2.000000
v 19.230729 27.067302 -4.000000
v 18.188840 21.158456 -4.000000
v 19.230729 27.067302 -2.000000
v 21.200345 26.720006 -2.000000
v 21.200345 26.720006 -4.000000
v 19.230729 27.067302 -4.000000
v 20.158456 20.811160 -4.000000
v 20.158456 20.811160 -2.000000
v 18.188840 21.158456 -2.000000
v 18.188840 21.158456 -4.000000
v 20.158456 20.811160 -2.000000
v 21.200345 26.720006 -2.000000
v 19.230729 27.067302 -2.000000
v 18.188840 21.158456 -2.000000
v 19.230729 27.067302 -4.000000
v 21.200345 26.720006 -4.000000
v 20.158456 20.811160 -4.000000
v 18.188840 21.158456 -4.000000
v -4.000000 45.000000 -4.000000
v -4.000000 45.000000 4.000000
v -4.000000 39.000000 4.000000
v -4.000000 39.000000 -4.000000
v -10.000000 39.000000 4.000000
v -10.000000 45.000000 4.000000
v -10.000000 45.000000 -4.000000
v -10.000000 39.000000 -4.000000
v -10.000000 45.000000 4.000000
v -4.000000 45.000000 4.000000
v -4.000000 45.000000 -4.000000
v -10.000000 45.000000 -4.000000
v -4.000000 39.000000 -4.000000
v -4.000000 39.000000 4.000000
v -10.000000 39.000000 4.000000
v -10.000000 39.000000 -4.000000
v -4.000000 39.000000 4.000000
v -4.000000 45.000000 4.000000
v -10.000000 45.000000 4.000000
v -10.000000 39.000000 4.000000
v -10.000000 45.000000 -4.000000
v -4.000000 45.000000 -4.000000
v -4.000000 39.000000 -4.000000
v -10.000000 39.000000 -4.000000
v 10.000000 45.000000 -4.000000
v 10.000000 45.000000 4.000000
v 10.000000 39.000000 4.000000
v 10.000000 39.000000 -4.000000
v 4.000000 39.000000 4.000000
v 4.000000 45.000000 4.000000
v 4.000000 45.000000 -4.000000
v 4.000000 39.000000 -4.000000
v 4.000000 45.000000 4.000000
v 10.000000 45.000000 4.000000
v 10.000000 45.000000 -4.000000
v 4.000000 45.000000 -4.000000
v 10.000000 39.000000 -4.000000
v 10.000000 39.000000 4.000000
v 4.000000 39.000000 4.000000
v 4.000000 39.000000 -4.000000
v 10.000000 39.000000 4.000000
v 10.000000 45.000000 4.000000
v 4.000000 45.000000 4.000000
v 4.000000 39.000000 4.000000
v 4.000000 45.000000 -4.000000
v 10.000000 45.000000 -4.000000
v 10.000000 39.000000 -4.000000
v 4.000000 39.000000 -4.000000
v 4.000000 42.535900 1.464100
v 4.000000 42.000000 0.535900
v 4.000000 44.000000 0.000000
v 4.000000 42.000000 0.535900
v 4.000000 42.535900 1.464100
v -4.000000 42.535900 1.464100
v -4.000000 42.000000 0.535900
v -4.000000 42.000000 0.535900
v -4.000000 42.535900 1.464100
v -4.000000 44.000000 0.000000
v 4.000000 43.464100 2.000000
v 4.000000 42.535900 1.464100
v 4.000000 44.000000 0.000000
v 4.000000 42.535900 1.464100
v 4.000000 43.464100 2.000000
v -4.000000 43.464100 2.000000
v -4.000000 42.535900 1.464100
v -4.000000 42.535900 1.464100
v -4.000000 43.464100 2.000000
v -4.000000 44.000000 0.000000
v 4.000000 44.535900 2.000000
v 4.000000 43.464100 2.000000
v 4.000000 44.000000 0.000000
v 4.000000 43.464100 2.000000
v 4.000000 44.535900 2.000000
v -4.000000 44.535900 2.000000
v -4.000000 43.464100 2.000000
v -4.000000 43.464100 2.000000
v -4.000000 44.535900 2.000000
v -4.000000 44.000000 0.000000
v 4.000000 45.464100 1.464100
v 4.000000 44.535900 2.000000
v 4.000000 44.000000 0.000000
v 4.000000 44.535900 2.000000
v 4.000000 45.464100 1.464100
v -4.000000 45.464100 1.464100
v -4.000000 44.535900 2.000000
v -4.000000 44.535900 2.000000
v -4.000000 45.464100 1.464100
v -4.000000 44.000000 0.000000
v 4.000000 46.000000 0.535900
v 4.000000 45.464100 1.464100
v 4.000000 44.000000 0.000000
v 4.000000 45.464100 1.464100
v 4.000000 46.000000 0.535900
v -4.000000 46.000000 0.535900
v -4.000000 45.464100 1.464100
v -4.000000 45.464100 1.464100
v -4.000000 46.000000 0.535900
v -4.000000 44.000000 0.000000
v 4.000000 46.000000 -0.535900
v 4.000000 46.000000 0.535900
v 4.000000 44.000000 0.000000
v 4.000000 46.000000 0.535900
v 4.000000 46.000000 -0.535900
v -4.000000 46.000000 -0.535900
v -4.000000 46.000000 0.535900
v -4.000000 46.000000 0.535900
v -4.000000 46.000000 -0.535900
v -4.000000 44.000000 0.000000
v 4.000000 45.464100 -1.464100
v 4.000000 46.000000 -0.535900
v 4.000000 44.000000 0.000000
v 4.000000 46.000000 -0.535900
v 4.000000 45.464100 -1.464100
v -4.000000 45.464100 -1.464100
v -4.000000 46.000000 -0.535900
v -4.000000 46.000000 -0.535900
v -4.000000 45.464100 -1.464100
v -4.000000 44.000000 0.000000
v 4.000000 44.535900 -2.000000
v 4.000000 45.464100 -1.464100
v 4.000000 44.000000 0.000000
v 4.000000 45.464100 -1.464100
v 4.000000 44.535900 -2.000000
v -4.000000 44.535900 -2.000000
v -4.000000 45.464100 -1.464100
v -4.000000 45.464100 -1.464100
v -4.000000 44.535900 -2.000000
v -4.000000 44.000000 0.000000
v 4.000000 43.464100 -2.000000
v 4.000000 44.535900 -2.000000
v 4.000000 44.000000 0.000000
v 4.000000 44.535900 -2.000000
v 4.000000 43.464100 -2.000000
v -4.000000 43.464100 -2.000000
v -4.000000 44.535900 -2.000000
v -4.000000 44.535900 -2.000000
v -4.000000 43.464100 -2.000000
v -4.000000 44.000000 0.000000
v 4.000000 42.535900 -1.464100
v 4.000000 43.464100 -2.000000
v 4.000000 44.000000 0.000000
v 4.000000 43.464100 -2.000000
v 4.000000 42.535900 -1.464100
v -4.000000 42.535900 -1.464100
v -4.000000 43.464100 -2.000000
v -4.000000 43.464100 -2.000000
v -4.000000 42.535900 -1.464100
v -4.000000 44.000000 0.000000
v 4.000000 42.000000 -0.535900
v 4.000000 42.535900 -1.464100
v 4.000000 44.000000 0.000000
v 4.000000 42.535900 -1.464100
v 4.000000 42.000000 -0.535900
v -4.000000 42.000000 -0.535900
v -4.000000 42.535900 -1.464100
v -4.000000 42.535900 -1.464100
v -4.000000 42.000000 -0.535900
v -4.000000 44.000000 0.000000
v 4.000000 42.000000 0.535900
v 4.000000 42.000000 -0.535900
v 4.000000 44.000000 0.000000
v 4.000000 42.000000 -0.535900
v 4.000000 42.000000 0.535900
v -4.000000 42.000000 0.535900
v -4.000000 42.000000 -0.535900
v -4.000000 42.000000 -0.535900
v -4.000000 42.000000 0.535900
v -4.000000 44.000000 0.000000
v 11.000000 42.000000 -5.000000
v 11.000000 42.000000 5.000000
v 11.000000 26.000000 5.000000
v 11.000000 26.000000 -5.000000
v 3.000000 26.000000 5.000000
v 3.000000 42.000000 5.000000
v 3.000000 42.000000 -5.000000
v 3.000000 26.000000 -5.000000
v 3.000000 42.000000 5.000000
v 11.000000 42.000000 5.000000
v 11.000000 42.000000 -5.000000
v 3.000000 42.000000 -5.000000
v 11.000000 26.000000 -5.000000
v 11.000000 26.000000 5.000000
v 3.000000 26.000000 5.000000
v 3.000000 26.000000 -5.000000
v 11.000000 26.000000 5.000000
v 11.000000 42.000000 5.000000
v 3.000000 42.000000 5.000000
v 3.000000 26.000000 5.000000
v 3.000000 42.000000 -5.000000
v 11.000000 42.000000 -5.000000
v 11.000000 26.000000 -5.000000
v 3.000000 26.000000 -5.000000
v -3.000000 42.000000 -5.000000
v -3.000000 42.000000 5.000000
v -3.000000 26.000000 5.000000
v -3.000000 26.000000 -5.000000
v -11.000000 26.000000 5.000000
v -11.000000 42.000000 5.000000
v -11.000000 42.000000 -5.000000
v -11.000000 26.000000 -5.000000
v -11.000000 42.000000 5.000000
v -3.000000 42.000000 5.000000
v -3.000000 42.000000 -5.000000
v -11.000000 42.000000 -5.000000
v -3.000000 26.000000 -5.000000
v -3.000000 26.000000 5.000000
v -11.000000 26.000000 5.000000
v -11.000000 26.000000 -5.000000
v -3.000000 26.000000 5.000000
v -3.000000 42.000000 5.000000
v -11.000000 42.000000 5.000000
v -11.000000 26.000000 5.000000
v -11.000000 42.000000 -5.000000
v -3.000000 42.000000 -5.000000
v -3.000000 26.000000 -5.000000
v -11.000000 26.000000 -5.000000
v -6.464100 29.464100 2.000000
v -5.535900 29.464100 1.464100
v -7.000000 30.000000 0.000000
v -6.464100 29.464100 2.000000
v -6.071800 28.000000 3.464100
v -4.464100 28.000000 2.535900
v -5.535900 29.464100 1.464100
v -6.071800 28.000000 3.464100
v -5.928200 26.000000 4.000000
v -4.071800 26.000000 2.928200
v -4.464100 28.000000 2.535900
v -5.928200 26.000000 4.000000
v -6.071800 24.000000 3.464100
v -4.464100 24.000000 2.535900
v -4.071800 26.000000 2.928200
v -6.071800 24.000000 3.464100
v -6.464100 22.535900 2.000000
v -5.535900 22.535900 1.464100
v -4.464100 24.000000 2.535900
v -5.535900 22.535900 1.464100
v -6.464100 22.535900 2.000000
v -7.000000 22.000000 0.000000
v -5.535900 29.464100 1.464100
v -5.000000 29.464100 0.535900
v -7.000000 30.000000 0.000000
v -5.535900 29.464100 1.464100
v -4.464100 28.000000 2.535900
v -3.535900 28.000000 0.928200
v -5.000000 29.464100 0.535900
v -4.464100 28.000000 2.535900
v -4.071800 26.000000 2.928200
v -3.000000 26.000000 1.071800
v -3.535900 28.000000 0.928200
v -4.071800 26.000000 2.928200
v -4.464100 24.000000 2.535900
v -3.535900 24.000000 0.928200
v -3.000000 26.000000 1.071800
v -4.464100 24.000000 2.535900
v -5.535900 22.535900 1.464100
v -5.000000 22.535900 0.535900
v -3.535900 24.000000 0.928200
v -5.000000 22.535900 0.535900
v -5.535900 22.535900 1.464100
v -7.000000 22.000000 0.000000
v -5.000000 29.464100 0.535900
v -5.000000 29.464100 -0.535900
v -7.000000 30.000000 0.000000
v -5.000000 29.464100 0.535900
v -3.535900 28.000000 0.928200
v -3.535900 28.000000 -0.928200
v -5.000000 29.464100 -0.535900
v -3.535900 28.000000 0.928200
v -3.000000 26.000000 1.071800
v -3.000000 26.000000 -1.071800
v -3.535900 28.000000 -0.928200
v -3.000000 26.000000 1.071800
v -3.535900 24.000000 0.928200
v -3.535900 24.000000 -0.928200
v -3.000000 26.000000 -1.071800
v -3.535900 24.000000 0.928200
v -5.000000 22.535900 0.535900
v -5.000000 22.535900 -0.535900
v -3.535900 24.000000 -0.928200
v -5.000000 22.535900 -0.535900
v -5.000000 22.535900 0.535900
v -7.000000 22.000000 0.000000
v -5.000000 29.464100 -0.535900
v -5.535900 29.464100 -1.464100
v -7.000000 30.000000 0.000000
v -5.000000 29.464100 -0.535900
v -3.535900 28.000000 -0.928200
v -4.464100 28.000000 -2.535900
v -5.535900 29.464100 -1.464100
v -3.535900 28.000000 -0.928200
v -3.000000 26.000000 -1.071800
v -4.071800 26.000000 -2.928200
v -4.464100 28.000000 -2.535900
v -3.000000 26.000000 -1.071800
v -3.535900 24.000000 -0.928200
v -4.464100 24.000000 -2.535900
v -4.071800 26.000000 -2.928200
v -3.535900 24.000000 -0.928200
v -5.000000 22.535900 -0.535900
v -5.535900 22.535900 -1.464100
v -4.464100 24.000000 -2.535900
v -5.535900 22.535900 -1.464100
v -5.000000 22.535900 -0.535900
v -7.000000 22.000000 0.000000
v -5.535900 29.464100 -1.464100
v -6.464100 29.464100 -2.000000
v -7.000000 30.000000 0.000000
v -5.535900 29.464100 -1.464100
v -4.464100 28.000000 -2.535900
v -6.071800 28.000000 -3.464100
v -6.464100 29.464100 -2.000000
v -4.464100 28.000000 -2.535900
v -4.071800 26.000000 -2.928200
v -5.928200 26.000000 -4.000000
v -6.071800 28.000000 -3.464100
v -4.071800 26.000000 -2.928200
v -4.464100 24.000000 -2.535900
v -6.071800 24.000000 -3.464100
v -5.928200 26.000000 -4.000000
v -4.464100 24.000000 -2.535900
v -5.535900 22.535900 -1.464100
v -6.464100 22.535900 -2.000000
v -6.071800 24.000000 -3.464100
v -6.464100 22.535900 -2.000000
v -5.535900 22.535900 -1.464100
v -7.000000 22.000000 0.000000
v -6.464100 29.464100 -2.000000
v -7.535900 29.464100 -2.000000
v -7.000000 30.000000 0.000000
v -6.464100 29.464100 -2.000000
v -6.071800 28.000000 -3.464100
v -7.928200 28.000000 -3.464100
v -7.535900 29.464100 -2.000000
v -6.071800 28.000000 -3.464100
v -5.928200 26.000000 -4.000000
v -8.071800 26.000000 -4.000000
v -7.928200 28.000000 -3.464100
v -5.928200 26.000000 -4.000000
v -6.071800 24.000000 -3.464100
v -7.928200 24.000000 -3.464100
v -8.071800 26.000000 -4.000000
v -6.071800 24.000000 -3.464100
v -6.464100 22.535900 -2.000000
v -7.535900 22.535900 -2.000000
v -7.928200 24.000000 -3.464100
v -7.535900 22.535900 -2.000000
v -6.464100 22.535900 -2.000000
v -7.000000 22.000000 0.000000
v -7.535900 29.464100 -2.000000
v -8.464100 29.464100 -1.464100
v -7.000000 30.000000 0.000000
v -7.535900 29.464100 -2.000000
v -7.928200 28.000000 -3.464100
v -9.535900 28.000000 -2.535900
v -8.464100 29.464100 -1.464100
v -7.928200 28.000000 -3.464100
v -8.071800 26.000000 -4.000000
v -9.928200 26.000000 -2.928200
v -9.535900 28.000000 -2.535900
v -8.071800 26.000000 -4.000000
v -7.928200 24.000000 -3.464100
v -9.535900 24.000000 -2.535900
v -9.928200 26.000000 -2.928200
v -7.928200 24.000000 -3.464100
v -7.535900 22.535900 -2.000000
v -8.464100 22.535900 -1.464100
v -9.535900 24.000000 -2.535900
v -8.464100 22.535900 -1.464100
v -7.535900 22.535900 -2.000000
v -7.000000 22.000000 0.000000
v -8.464100 29.464100 -1.464100
v -9.000000 29.464100 -0.535900
v -7.000000 30.000000 0.000000
v -8.464100 29.464100 -1.464100
v -9.535900 28.000000 -2.535900
v -10.464100 28.000000 -0.928200
v -9.000000 29.464100 -0.535900
v -9.535900 28.000000 -2.535900
v -9.928200 26.000000 -2.928200
v -11.000000 26.000000 -1.071800
v -10.464100 28.000000 -0.928200
v -9.928200 26.000000 -2.928200
v -9.535900 24.000000 -2.535900
v -10.464100 24.000000 -0.928200
v -11.000000 26.000000 -1.071800
v -9.535900 24.000000 -2.535900
v -8.464100 22.535900 -1.464100
v -9.000000 22.535900 -0.535900
v -10.464100 24.000000 -0.928200
v -9.000000 22.535900 -0.535900
v -8.464100 22.535900 -1.464100
v -7.000000 22.000000 0.000000
v -9.000000 29.464100 -0.535900
v -9.000000 29.464100 0.535900
v -7.000000 30.000000 0.000000
v -9.000000 29.464100 -0.535900
v -10.464100 28.000000 -0.928200
v -10.464100 28.000000 0.928200
v -9.000000 29.464100 0.535900
v -10.464100 28.000000 -0.928200
v -11.000000 26.000000 -1.071800
v -11.000000 26.000000 1.071800
v -10.464100 28.000000 0.928200
v -11.000000 26.000000 -1.071800
v -10.464100 24.000000 -0.928200
v -10.464100 24.000000 0.928200
v -11.000000 26.000000 1.071800
v -10.464100 24.000000 -0.928200
v -9.000000 22.535900 -0.535900
v -9.000000 22.535900 0.535900
v -10.464100 24.000000 0.928200
v -9.000000 22.535900 0.535900
v -9.000000 22.535900 -0.535900
v -7.000000 22.000000 0.000000
v -9.000000 29.464100 0.535900
v -8.464100 29.464100 1.464100
v -7.000000 30.000000 0.000000
v -9.000000 29.464100 0.535900
v -10.464100 28.000000 0.928200
v -9.535900 28.000000 2.535900
v -8.464100 29.464100 1.464100
v -10.464100 28.000000 0.928200
v -11.000000 26.000000 1.071800
v -9.928200 26.000000 2.928200
v -9.535900 28.000000 2.535900
v -11.000000 26.000000 1.071800
v -10.464100 24.000000 0.928200
v -9.535900 24.000000 2.535900
v -9.928200 26.000000 2.928200
v -10.464100 24.000000 0.928200
v -9.000000 22.535900 0.535900
v -8.464100 22.535900 1.464100
v -9.535900 24.000000 2.535900
v -8.464100 22.535900 1.464100
v -9.000000 22.535900 0.535900
v -7.000000 22.000000 0.000000
v -8.464100 29.464100 1.464100
v -7.535900 29.464100 2.000000
v -7.000000 30.000000 0.000000
v -8.464100 29.464100 1.464100
v -9.535900 28.000000 2.535900
v -7.928200 28.000000 3.464100
v -7.535900 29.464100 2.000000
v -9.535900 28.000000 2.535900
v -9.928200 26.000000 2.928200
v -8.071800 26.000000 4.000000
v -7.928200 28.000000 3.464100
v -9.928200 26.000000 2.928200
v -9.535900 24.000000 2.535900
v -7.928200 24.000000 3.464100
v -8.071800 26.000000 4.000000
v -9.535900 24.000000 2.535900
v -8.464100 22.535900 1.464100
v -7.535900 22.535900 2.000000
v -7.928200 24.000000 3.464100
v -7.535900 22.535900 2.000000
v -8.464100 22.535900 1.464100
v -7.000000 22.000000 0.000000
v -7.535900 29.464100 2.000000
v -6.464100 29.464100 2.000000
v -7.000000 30.000000 0.000000
v -7.535900 29.464100 2.000000
v -7.928200 28.000000 3.464100
v -6.071800 28.000000 3.464100
v -6.464100 29.464100 2.000000
v -7.928200 28.000000 3.464100
v -8.071800 26.000000 4.000000
v -5.928200 26.000000 4.000000
v -6.071800 28.000000 3.464100
v -8.071800 26.000000 4.000000
v -7.928200 24.000000 3.464100
v -6.071800 24.000000 3.464100
v -5.928200 26.000000 4.000000
v -7.928200 24.000000 3.464100
v -7.535900 22.535900 2.000000
v -6.464100 22.535900 2.000000
v -6.071800 24.000000 3.464100
v -6.464100 22.535900 2.000000
v -7.535900 22.535900 2.000000
v -7.000000 22.000000 0.000000
v 7.535900 29.464100 2.000000
v 8.464100 29.464100 1.464100
v 7.000000 30.000000 0.000000
v 7.535900 29.464100 2.000000
v 7.928200 28.000000 3.464100
v 9.535900 28.000000 2.535900
v 8.464100 29.464100 1.464100
v 7.928200 28.000000 3.464100
v 8.071800 26.000000 4.000000
v 9.928200 26.000000 2.928200
v 9.535900 28.000000 2.535900
v 8.071800 26.000000 4.000000
v 7.928200 24.000000 3.464100
v 9.535900 24.000000 2.535900
v 9.928200 26.000000 2.928200
v 7.928200 24.000000 3.464100
v 7.535900 22.535900 2.000000
v 8.464100 22.535900 1.464100
v 9.535900 24.000000 2.535900
v 8.464100 22.535900 1.464100
v 7.535900 22.535900 2.000000
v 7.000000 22.000000 0.000000
v 8.464100 29.464100 1.464100
v 9.000000 29.464100 0.535900
v 7.000000 30.000000 0.000000
v 8.464100 29.464100 1.464100
v 9.535900 28.000000 2.535900
v 10.464100 28.000000 0.928200
v 9.000000 29.464100 0.535900
v 9.535900 28.000000 2.535900
v 9.928200 26.000000 2.928200
v 11.000000 26.000000 1.071800
v 10.464100 28.000000 0.928200
v 9.928200 26.000000 2.928200
v 9.535900 24.000000 2.535900
v 10.464100 24.000000 0.928200
v 11.000000 26.000000 1.071800
v 9.535900 24.000000 2.535900
v 8.464100 22.535900 1.464100
v 9.000000 22.535900 0.535900
v 10.464100 24.000000 0.928200
v 9.000000 22.535900 0.535900
v 8.464100 22.535900 1.464100
v 7.000000 22.000000 0.000000
v 9.000000 29.464100 0.535900
v 9.000000 29.464100 -0.535900
v 7.000000 30.000000 0.000000
v 9.000000 29.464100 0.535900
v 10.464100 28.000000 0.928200
v 10.464100 28.000000 -0.928200
v 9.000000 29.464100 -0.535900
v 10.464100 28.000000 0.928200
v 11.000000 26.000000 1.071800
v 11.000000 26.000000 -1.071800
v 10.464100 28.000000 -0.928200
v 11.000000 26.000000 1.071800
v 10.464100 24.000000 0.928200
v 10.464100 24.000000 -0.928200
v 11.000000 26.000000 -1.071800
v 10.464100 24.000000 0.928200
v 9.000000 22.535900 0.535900
v 9.000000 22.535900 -0.535900
v 10.464100 24.000000 -0.928200
v 9.000000 22.535900 -0.535900
v 9.000000 22.535900 0.535900
v 7.000000 22.000000 0.000000
v 9.000000 29.464100 -0.535900
v 8.464100 29.464100 -1.464100
v 7.000000 30.000000 0.000000
v 9.000000 29.464100 -0.535900
v 10.464100 28.000000 -0.928200
v 9.535900 28.000000 -2.535900
v 8.464100 29.464100 -1.464100
v 10.464100 28.000000 -0.928200
v 11.000000 26.000000 -1.071800
v 9.928200 26.000000 -2.928200
v 9.535900 28.000000 -2.535900
v 11.000000 26.000000 -1.071800
v 10.464100 24.000000 -0.928200
v 9.535900 24.000000 -2.535900
v 9.928200 26.000000 -2.928200
v 10.464100 24.000000 -0.928200
v 9.000000 22.535900 -0.535900
v 8.464100 22.535900 -1.464100
v 9.535900 24.000000 -2.535900
v 8.464100 22.535900 -1.464100
v 9.000000 22.535900 -0.535900
v 7.000000 22.000000 0.000000
v 8.464100 29.464100 -1.464100
v 7.535900 29.464100 -2.000000
v 7.000000 30.000000 0.000000
v 8.464100 29.464100 -1.464100
v 9.535900 28.000000 -2.535900
v 7.928200 28.000000 -3.464100
v 7.535900 29.464100 -2.000000
v 9.535900 28.000000 -2.535900
v 9.928200 26.000000 -2.928200
v 8.071800 26.000000 -4.000000
v 7.928200 28.000000 -3.464100
v 9.928200 26.000000 -2.928200
v 9.535900 24.000000 -2.535900
v 7.928200 24.000000 -3.464100
v 8.071800 26.000000 -4.000000
v 9.535900 24.000000 -2.535900
v 8.464100 22.535900 -1.464100
v 7.535900 22.535900 -2.000000
v 7.928200 24.000000 -3.464100
v 7.535900 22.535900 -2.000000
v 8.464100 22.535900 -1.464100
v 7.000000 22.000000 0.000000
v 7.535900 29.464100 -2.000000
v 6.464100 29.464100 -2.000000
v 7.000000 30.000000 0.000000
v 7.535900 29.464100 -2.000000
v 7.928200 28.000000 -3.464100
v 6.071800 28.000000 -3.464100
v 6.464100 29.464100 -2.000000
v 7.928200 28.000000 -3.464100
v 8.071800 26.000000 -4.000000
v 5.928200 26.000000 -4.000000
v 6.071800 28.000000 -3.464100
v 8.071800 26.000000 -4.000000
v 7.928200 24.000000 -3.464100
v 6.071800 24.000000 -3.464100
v 5.928200 26.000000 -4.000000
v 7.928200 24.000000 -3.464100
v 7.535900 22.535900 -2.000000
v 6.464100 22.535900 -2.000000
v 6.071800 24.000000 -3.464100
v 6.464100 22.535900 -2.000000
v 7.535900 22.535900 -2.000000
v 7.000000 22.000000 0.000000
v 6.464100 29.464100 -2.000000
v 5.535900 29.464100 -1.464100
v 7.000000 30.000000 0.000000
v 6.464100 29.464100 -2.000000
v 6.071800 28.000000 -3.464100
v 4.464100 28.000000 -2.535900
v 5.535900 29.464100 -1.464100
v 6.071800 28.000000 -3.464100
v 5.928200 26.000000 -4.000000
v 4.071800 26.000000 -2.928200
v 4.464100 28.000000 -2.535900
v 5.928200 26.000000 -4.000000
v 6.071800 24.000000 -3.464100
v 4.464100 24.000000 -2.535900
v 4.071800 26.000000 -2.928200
v 6.071800 24.000000 -3.464100
v 6.464100 22.535900 -2.000000
v 5.535900 22.535900 -1.464100
v 4.464100 24.000000 -2.535900
v 5.535900 22.535900 -1.464100
v 6.464100 22.535900 -2.000000
v 7.000000 22.000000 0.000000
v 5.535900 29.464100 -1.464100
v 5.000000 29.464100 -0.535900
v 7.000000 30.000000 0.000000
v 5.535900 29.464100 -1.464100
v 4.464100 28.000000 -2.535900
v 3.535900 28.000000 -0.928200
v 5.000000 29.464100 -0.535900
v 4.464100 28.000000 -2.535900
v 4.071800 26.000000 -2.928200
v 3.000000 26.000000 -1.071800
v 3.535900 28.000000 -0.928200
v 4.071800 26.000000 -2.928200
v 4.464100 24.000000 -2.535900
v 3.535900 24.000000 -0.928200
v 3.000000 26.000000 -1.071800
v 4.464100 24.000000 -2.535900
v 5.535900 22.535900 -1.464100
v 5.000000 22.535900 -0.535900
v 3.535900 24.000000 -0.928200
v 5.000000 22.535900 -0.535900
v 5.535900 22.535900 -1.464100
v 7.000000 22.000000 0.000000
v 5.000000 29.464100 -0.535900
v 5.000000 29.464100 0.535900
v 7.000000 30.000000 0.000000
v 5.000000 29.464100 -0.535900
v 3.535900 28.000000 -0.928200
v 3.535900 28.000000 0.928200
v 5.000000 29.464100 0.535900
v 3.535900 28.000000 -0.928200
v 3.000000 26.000000 -1.071800
v 3.000000 26.000000 1.071800
v 3.535900 28.000000 0.928200
v 3.000000 26.000000 -1.071800
v 3.535900 24.000000 -0.928200
v 3.535900 24.000000 0.928200
v 3.000000 26.000000 1.071800
v 3.535900 24.000000 -0.928200
v 5.000000 22.535900 -0.535900
v 5.000000 22.535900 0.535900
v 3.535900 24.000000 0.928200
v 5.000000 22.535900 0.535900
v 5.000000 22.535900 -0.535900
v 7.000000 22.000000 0.000000
v 5.000000 29.464100 0.535900
v 5.535900 29.464100 1.464100
v 7.000000 30.000000 0.000000
v 5.000000 29.464100 0.535900
v 3.535900 28.000000 0.928200
v 4.464100 28.000000 2.535900
v 5.535900 29.464100 1.464100
v 3.535900 28.000000 0.928200
v 3.000000 26.000000 1.071800
v 4.071800 26.000000 2.928200
v 4.464100 28.000000 2.535900
v 3.000000 26.000000 1.071800
v 3.535900 24.000000 0.928200
v 4.464100 24.000000 2.535900
v 4.071800 26.000000 2.928200
v 3.535900 24.000000 0.928200
v 5.000000 22.535900 0.535900
v 5.535900 22.535900 1.464100
v 4.464100 24.000000 2.535900
v 5.535900 22.535900 1.464100
v 5.000000 22.535900 0.535900
v 7.000000 22.000000 0.000000
v 5.535900 29.464100 1.464100
v 6.464100 29.464100 2.000000
v 7.000000 30.000000 0.000000
v 5.535900 29.464100 1.464100
v 4.464100 28.000000 2.535900
v 6.071800 28.000000 3.464100
v 6.464100 29.464100 2.000000
v 4.464100 28.000000 2.535900
v 4.071800 26.000000 2.928200
v 5.928200 26.000000 4.000000
v 6.071800 28.000000 3.464100
v 4.071800 26.000000 2.928200
v 4.464100 24.000000 2.535900
v 6.071800 24.000000 3.464100
v 5.928200 26.000000 4.000000
v 4.464100 24.000000 2.535900
v 5.535900 22.535900 1.464100
v 6.464100 22.535900 2.000000
v 6.071800 24.000000 3.464100
v 6.464100 22.535900 2.000000
v 5.535900 22.535900 1.464100
v 7.000000 22.000000 0.000000
v 6.464100 29.464100 2.000000
v 7.535900 29.464100 2.000000
v 7.000000 30.000000 0.000000
v 6.464100 29.464100 2.000000
v 6.071800 28.000000 3.464100
v 7.928200 28.000000 3.464100
v 7.535900 29.464100 2.000000
v 6.071800 28.000000 3.464100
v 5.928200 26.000000 4.000000
v 8.071800 26.000000 4.000000
v 7.928200 28.000000 3.464100
v 5.928200 26.000000 4.000000
v 6.071800 24.000000 3.464100
v 7.928200 24.000000 3.464100
v 8.071800 26.000000 4.000000
v 6.071800 24.000000 3.464100
v 6.464100 22.535900 2.000000
v 7.535900 22.535900 2.000000
v 7.928200 24.000000 3.464100
v 7.535900 22.535900 2.000000
v 6.464100 22.535900 2.000000
v 7.000000 22.000000 0.000000
v 7.000000 24.000000 -5.656854
v 12.656854 24.000000 0.000000
v 12.656854 8.000000 0.000000
v 7.000000 8.000000 -5.656854
v 7.000000 8.000000 5.656854
v 7.000000 24.000000 5.656854
v 1.343146 24.000000 -0.000000
v 1.343146 8.000000 -0.000000
v 7.000000 24.000000 5.656854
v 12.656854 24.000000 0.000000
v 7.000000 24.000000 -5.656854
v 1.343146 24.000000 -0.000000
v 7.000000 8.000000 -5.656854
v 12.656854 8.000000 0.000000
v 7.000000 8.000000 5.656854
v 1.343146 8.000000 -0.000000
v 12.656854 8.000000 0.000000
v 12.656854 24.000000 0.000000
v 7.000000 24.000000 5.656854
v 7.000000 8.000000 5.656854
v 1.343146 24.000000 -0.000000
v 7.000000 24.000000 -5.656854
v 7.000000 8.000000 -5.656854
v 1.343146 8.000000 -0.000000
v -7.000000 24.000000 -5.656854
v -1.343146 24.000000 0.000000
v -1.343146 8.000000 0.000000
v -7.000000 8.000000 -5.656854
v -7.000000 8.000000 5.656854
v -7.000000 24.000000 5.656854
v -12.656854 24.000000 -0.000000
v -12.656854 8.000000 -0.000000
v -7.000000 24.000000 5.656854
v -1.343146 24.000000 0.000000
v -7.000000 24.000000 -5.656854
v -12.656854 24.000000 -0.000000
v -7.000000 8.000000 -5.656854
v -1.343146 8.000000 0.000000
v -7.000000 8.000000 5.656854
v -12.656854 8.000000 -0.000000
v -1.343146 8.000000 0.000000
v -1.343146 24.000000 0.000000
v -7.000000 24.000000 5.656854
v -7.000000 8.000000 5.656854
v -12.656854 24.000000 -0.000000
v -7.000000 24.000000 -5.656854
v -7.000000 8.000000 -5.656854
v -12.656854 8.000000 -0.000000
v -6.464100 11.464100 2.000000
v -5.535900 11.464100 1.464100
v -7.000000 12.000000 0.000000
v -6.464100 11.464100 2.000000
v -6.071800 10.000000 3.464100
v -4.464100 10.000000 2.535900
v -5.535900 11.464100 1.464100
v -6.071800 10.000000 3.464100
v -5.928200 8.000000 4.000000
v -4.071800 8.000000 2.928200
v -4.464100 10.000000 2.535900
v -5.928200 8.000000 4.000000
v -6.071800 6.000000 3.464100
v -4.464100 6.000000 2.535900
v -4.071800 8.000000 2.928200
v -6.071800 6.000000 3.464100
v -6.464100 4.535900 2.000000
v -5.535900 4.535900 1.464100
v -4.464100 6.000000 2.535900
v -5.535900 4.535900 1.464100
v -6.464100 4.535900 2.000000
v -7.000000 4.000000 0.000000
v -5.535900 11.464100 1.464100
v -5.000000 11.464100 0.535900
v -7.000000 12.000000 0.000000
v -5.535900 11.464100 1.464100
v -4.464100 10.000000 2.535900
v -3.535900 10.000000 0.928200
v -5.000000 11.464100 0.535900
v -4.464100 10.000000 2.535900
v -4.071800 8.000000 2.928200
v -3.000000 8.000000 1.071800
v -3.535900 10.000000 0.928200
v -4.071800 8.000000 2.928200
v -4.464100 6.000000 2.535900
v -3.535900 6.000000 0.928200
v -3.000000 8.000000 1.071800
v -4.464100 6.000000 2.535900
v -5.535900 4.535900 1.464100
v -5.000000 4.535900 0.535900
v -3.535900 6.000000 0.928200
v -5.000000 4.535900 0.535900
v -5.535900 4.535900 1.464100
v -7.000000 4.000000 0.000000
v -5.000000 11.464100 0.535900
v -5.000000 11.464100 -0.535900
v -7.000000 12.000000 0.000000
v -5.000000 11.464100 0.535900
v -3.535900 10.000000 0.928200
v -3.535900 10.000000 -0.928200
v -5.000000 11.464100 -0.535900
v -3.535900 10.000000 0.928200
v -3.000000 8.000000 1.071800
v -3.000000 8.000000 -1.071800
v -3.535900 10.000000 -0.928200
v -3.000000 8.000000 1.071800
v -3.535900 6.000000 0.928200
v -3.535900 6.000000 -0.928200
v -3.000000 8.000000 -1.071800
v -3.535900 6.000000 0.928200
v -5.000000 4.535900 0.535900
v -5.000000 4.535900 -0.535900
v -3.535900 6.000000 -0.928200
v -5.000000 4.535900 -0.535900
v -5.000000 4.535900 0.535900
v -7.000000 4.000000 0.000000
v -5.000000 11.464100 -0.535900
v -5.535900 11.464100 -1.464100
v -7.000000 12.000000 0.000000
v -5.000000 11.464100 -0.535900
v -3.535900 10.000000 -0.928200
v -4.464100 10.000000 -2.535900
v -5.535900 11.464100 -1.464100
v -3.535900 10.000000 -0.928200
v -3.000000 8.000000 -1.071800
v -4.071800 8.000000 -2.928200
v -4.464100 10.000000 -2.535900
v -3.000000 8.000000 -1.071800
v -3.535900 6.000000 -0.928200
v -4.464100 6.000000 -2.535900
v -4.071800 8.000000 -2.928200
v -3.535900 6.000000 -0.928200
v -5.000000 4.535900 -0.535900
v -5.535900 4.535900 -1.464100
v -4.464100 6.000000 -2.535900
v -5.535900 4.535900 -1.464100
v -5.000000 4.535900 -0.535900
v -7.000000 4.000000 0.000000
v -5.535900 11.464100 -1.464100
v -6.464100 11.464100 -2.000000
v -7.000000 12.000000 0.000000
v -5.535900 11.464100 -1.464100
v -4.464100 10.000000 -2.535900
v -6.071800 10.000000 -3.464100
v -6.464100 11.464100 -2.000000
v -4.464100 10.000000 -2.535900
v -4.071800 8.000000 -2.928200
v -5.928200 8.000000 -4.000000
v -6.071800 10.000000 -3.464100
v -4.071800 8.000000 -2.928200
v -4.464100 6.000000 -2.535900
v -6.071800 6.000000 -3.464100
v -5.928200 8.000000 -4.000000
v -4.464100 6.000000 -2.535900
v -5.535900 4.535900 -1.464100
v -6.464100 4.535900 -2.000000
v -6.071800 6.000000 -3.464100
v -6.464100 4.535900 -2.000000
v -5.535900 4.535900 -1.464100
v -7.000000 4.000000 0.000000
v -6.464100 11.464100 -2.000000
v -7.535900 11.464100 -2.000000
v -7.000000 12.000000 0.000000
v -6.464100 11.464100 -2.000000
v -6.071800 10.000000 -3.464100
v -7.928200 10.000000 -3.464100
v -7.535900 11.464100 -2.000000
v -6.071800 10.000000 -3.464100
v -5.928200 8.000000 -4.000000
v -8.071800 8.000000 -4.000000
v -7.928200 10.000000 -3.464100
v -5.928200 8.000000 -4.000000
v -6.071800 6.000000 -3.464100
v -7.928200 6.000000 -3.464100
v -8.071800 8.000000 -4.000000
v -6.071800 6.000000 -3.464100
v -6.464100 4.535900 -2.000000
v -7.535900 4.535900 -2.000000
v -7.928200 6.000000 -3.464100
v -7.535900 4.535900 -2.000000
v -6.464100 4.535900 -2.000000
v -7.000000 4.000000 0.000000
v -7.535900 11.464100 -2.000000
v -8.464100 11.464100 -1.464100
v -7.000000 12.000000 0.000000
v -7.535900 11.464100 -2.000000
v -7.928200 10.000000 -3.464100
v -9.535900 10.000000 -2.535900
v -8.464100 11.464100 -1.464100
v -7.928200 10.000000 -3.464100
v -8.071800 8.000000 -4.000000
v -9.928200 8.000000 -2.928200
v -9.535900 10.000000 -2.535900
v -8.071800 8.000000 -4.000000
v -7.928200 6.000000 -3.464100
v -9.535900 6.000000 -2.535900
v -9.928200 8.000000 -2.928200
v -7.928200 6.000000 -3.464100
v -7.535900 4.535900 -2.000000
v -8.464100 4.535900 -1.464100
v -9.535900 6.000000 -2.535900
v -8.464100 4.535900 -1.464100
v -7.535900 4.535900 -2.000000
v -7.000000 4.000000 0.000000
v -8.464100 11.464100 -1.464100
v -9.000000 11.464100 -0.535900
v -7.000000 12.000000 0.000000
v -8.464100 11.464100 -1.464100
v -9.535900 10.000000 -2.535900
v -10.464100 10.000000 -0.928200
v -9.000000 11.464100 -0.535900
v -9.535900 10.000000 -2.535900
v -9.928200 8.000000 -2.928200
v -11.000000 8.000000 -1.071800
v -10.464100 10.000000 -0.928200
v -9.928200 8.000000 -2.928200
v -9.535900 6.000000 -2.535900
v -10.464100 6.000000 -0.928200
v -11.000000 8.000000 -1.071800
v -9.535900 6.000000 -2.535900
v -8.464100 4.535900 -1.464100
v -9.000000 4.535900 -0.535900
v -10.464100 6.000000 -0.928200
v -9.000000 4.535900 -0.535900
v -8.464100 4.535900 -1.464100
v -7.000000 4.000000 0.000000
v -9.000000 11.464100 -0.535900
v -9.000000 11.464100 0.535900
v -7.000000 12.000000 0.000000
v -9.000000 11.464100 -0.535900
v -10.464100 10.000000 -0.928200
v -10.464100 10.000000 0.928200
v -9.000000 11.464100 0.535900
v -10.464100 10.000000 -0.928200
v -11.000000 8.000000 -1.071800
v -11.000000 8.000000 1.071800
v -10.464100 10.000000 0.928200
v -11.000000 8.000000 -1.071800
v -10.464100 6.000000 -0.928200
v -10.464100 6.000000 0.928200
v -11.000000 8.000000 1.071800
v -10.464100 6.000000 -0.928200
v -9.000000 4.535900 -0.535900
v -9.000000 4.535900 0.535900
v -10.464100 6.000000 0.928200
v -9.000000 4.535900 0.535900
v -9.000000 4.535900 -0.535900
v -7.000000 4.000000 0.000000
v -9.000000 11.464100 0.535900
v -8.464100 11.464100 1.464100
v -7.000000 12.000000 0.000000
v -9.000000 11.464100 0.535900
v -10.464100 10.000000 0.928200
v -9.535900 10.000000 2.535900
v -8.464100 11.464100 1.464100
v -10.464100 10.000000 0.928200
v -11.000000 8.000000 1.071800
v -9.928200 8.000000 2.928200
v -9.535900 10.000000 2.535900
v -11.000000 8.000000 1.071800
v -10.464100 6.000000 0.928200
v -9.535900 6.000000 2.535900
v -9.928200 8.000000 2.928200
v -10.464100 6.000000 0.928200
v -9.000000 4.535900 0.535900
v -8.464100 4.535900 1.464100
v -9.535900 6.000000 2.535900
v -8.464100 4.535900 1.464100
v -9.000000 4.535900 0.535900
v -7.000000 4.000000 0.000000
v -8.464100 11.464100 1.464100
v -7.535900 11.464100 2.000000
v -7.000000 12.000000 0.000000
v -8.464100 11.464100 1.464100
v -9.535900 10.000000 2.535900
v -7.928200 10.000000 3.464100
v -7.535900 11.464100 2.000000
v -9.535900 10.000000 2.535900
v -9.928200 8.000000 2.928200
v -8.071800 8.000000 4.000000
v -7.928200 10.000000 3.464100
v -9.928200 8.000000 2.928200
v -9.535900 6.000000 2.535900
v -7.928200 6.000000 3.464100
v -8.071800 8.000000 4.000000
v -9.535900 6.000000 2.535900
v -8.464100 4.535900 1.464100
v -7.535900 4.535900 2.000000
v -7.928200 6.000000 3.464100
v -7.535900 4.535900 2.000000
v -8.464100 4.535900 1.464100
v -7.000000 4.000000 0.000000
v -7.535900 11.464100 2.000000
v -6.464100 11.464100 2.000000
v -7.000000 12.000000 0.000000
v -7.535900 11.464100 2.000000
v -7.928200 10.000000 3.464100
v -6.071800 10.000000 3.464100
v -6.464100 11.464100 2.000000
v -7.928200 10.000000 3.464100
v -8.071800 8.000000 4.000000
v -5.928200 8.000000 4.000000
v -6.071800 10.000000 3.464100
v -8.071800 8.000000 4.000000
v -7.928200 6.000000 3.464100
v -6.071800 6.000000 3.464100
v -5.928200 8.000000 4.000000
v -7.928200 6.000000 3.464100
v -7.535900 4.535900 2.000000
v -6.464100 4.535900 2.000000
v -6.071800 6.000000 3.464100
v -6.464100 4.535900 2.000000
v -7.535900 4.535900 2.000000
v -7.000000 4.000000 0.000000
v 7.535900 11.464100 2.000000
v 8.464100 11.464100 1.464100
v 7.000000 12.000000 0.000000
v 7.535900 11.464100 2.000000
v 7.928200 10.000000 3.464100
v 9.535900 10.000000 2.535900
v 8.464100 11.464100 1.464100
v 7.928200 10.000000 3.464100
v 8.071800 8.000000 4.000000
v 9.928200 8.000000 2.928200
v 9.535900 10.000000 2.535900
v 8.071800 8.000000 4.000000
v 7.928200 6.000000 3.464100
v 9.535900 6.000000 2.535900
v 9.928200 8.000000 2.928200
v 7.928200 6.000000 3.464100
v 7.535900 4.535900 2.000000
v 8.464100 4.535900 1.464100
v 9.535900 6.000000 2.535900
v 8.464100 4.535900 1.464100
v 7.535900 4.535900 2.000000
v 7.000000 4.000000 0.000000
v 8.464100 11.464100 1.464100
v 9.000000 11.464100 0.535900
v 7.000000 12.000000 0.000000
v 8.464100 11.464100 1.464100
v 9.535900 10.000000 2.535900
v 10.464100 10.000000 0.928200
v 9.000000 11.464100 0.535900
v 9.535900 10.000000 2.535900
v 9.928200 8.000000 2.928200
v 11.000000 8.000000 1.071800
v 10.464100 10.000000 0.928200
v 9.928200 8.000000 2.928200
v 9.535900 6.000000 2.535900
v 10.464100 6.000000 0.928200
v 11.000000 8.000000 1.071800
v 9.535900 6.000000 2.535900
v 8.464100 4.535900 1.464100
v 9.000000 4.535900 0.535900
v 10.464100 6.000000 0.928200
v 9.000000 4.535900 0.535900
v 8.464100 4.535900 1.464100
v 7.000000 4.000000 0.000000
v 9.000000 11.464100 0.535900
v 9.000000 11.464100 -0.535900
v 7.000000 12.000000 0.000000
v 9.000000 11.464100 0.535900
v 10.464100 10.000000 0.928200
v 10.464100 10.000000 -0.928200
v 9.000000 11.464100 -0.535900
v 10.464100 10.000000 0.928200
v 11.000000 8.000000 1.071800
v 11.000000 8.000000 -1.071800
v 10.464100 10.000000 -0.928200
v 11.000000 8.000000 1.071800
v 10.464100 6.000000 0.928200
v 10.464100 6.000000 -0.928200
v 11.000000 8.000000 -1.071800
v 10.464100 6.000000 0.928200
v 9.000000 4.535900 0.535900
v 9.000000 4.535900 -0.535900
v 10.464100 6.000000 -0.928200
v 9.000000 4.535900 -0.535900
v 9.000000 4.535900 0.535900
v 7.000000 4.000000 0.000000
v 9.000000 11.464100 -0.535900
v 8.464100 11.464100 -1.464100
v 7.000000 12.000000 0.000000
v 9.000000 11.464100 -0.535900
v 10.464100 10.000000 -0.928200
v 9.535900 10.000000 -2.535900
v 8.464100 11.464100 -1.464100
v 10.464100 10.000000 -0.928200
v 11.000000 8.000000 -1.071800
v 9.928200 8.000000 -2.928200
v 9.535900 10.000000 -2.535900
v 11.000000 8.000000 -1.071800
v 10.464100 6.000000 -0.928200
v 9.535900 6.000000 -2.535900
v 9.928200 8.000000 -2.928200
v 10.464100 6.000000 -0.928200
v 9.000000 4.535900 -0.535900
v 8.464100 4.535900 -1.464100
v 9.535900 6.000000 -2.535900
v 8.464100 4.535900 -1.464100
v 9.000000 4.535900 -0.535900
v 7.000000 4.000000 0.000000
v 8.464100 11.464100 -1.464100
v 7.535900 11.464100 -2.000000
v 7.000000 12.000000 0.000000
v 8.464100 11.464100 -1.464100
v 9.535900 10.000000 -2.535900
v 7.928200 10.000000 -3.464100
v 7.535900 11.464100 -2.000000
v 9.535900 10.000000 -2.535900
v 9.928200 8.000000 -2.928200
v 8.071800 8.000000 -4.000000
v 7.928200 10.000000 -3.464100
v 9.928200 8.000000 -2.928200
v 9.535900 6.000000 -2.535900
v 7.928200 6.000000 -3.464100
v 8.071800 8.000000 -4.000000
v 9.535900 6.000000 -2.535900
v 8.464100 4.535900 -1.464100
v 7.535900 4.535900 -2.000000
v 7.928200 6.000000 -3.464100
v 7.535900 4.535900 -2.000000
v 8.464100 4.535900 -1.464100
v 7.000000 4.000000 0.000000
v 7.535900 11.464100 -2.000000
v 6.464100 11.464100 -2.000000
v 7.000000 12.000000 0.000000
v 7.535900 11.464100 -2.000000
v 7.928200 10.000000 -3.464100
v 6.071800 10.000000 -3.464100
v 6.464100 11.464100 -2.000000
v 7.928200 10.000000 -3.464100
v 8.071800 8.000000 -4.000000
v 5.928200 8.000000 -4.000000
v 6.071800 10.000000 -3.464100
v 8.071800 8.000000 -4.000000
v 7.928200 6.000000 -3.464100
v 6.071800 6.000000 -3.464100
v 5.928200 8.000000 -4.000000
v 7.928200 6.000000 -3.464100
v 7.535900 4.535900 -2.000000
v 6.464100 4.535900 -2.000000
v 6.071800 6.000000 -3.464100
v 6.464100 4.535900 -2.000000
v 7.535900 4.535900 -2.000000
v 7.000000 4.000000 0.000000
v 6.464100 11.464100 -2.000000
v 5.535900 11.464100 -1.464100
v 7.000000 12.000000 0.000000
v 6.464100 11.464100 -2.000000
v 6.071800 10.000000 -3.464100
v 4.464100 10.000000 -2.535900
v 5.535900 11.464100 -1.464100
v 6.071800 10.000000 -3.464100
v 5.928200 8.000000 -4.000000
v 4.071800 8.000000 -2.928200
v 4.464100 10.000000 -2.535900
v 5.928200 8.000000 -4.000000
v 6.071800 6.000000 -3.464100
v 4.464100 6.000000 -2.535900
v 4.071800 8.000000 -2.928200
v 6.071800 6.000000 -3.464100
v 6.464100 4.535900 -2.000000
v 5.535900 4.535900 -1.464100
v 4.464100 6.000000 -2.535900
v 5.535900 4.535900 -1.464100
v 6.464100 4.535900 -2.000000
v 7.000000 4.000000 0.000000
v 5.535900 11.464100 -1.464100
v 5.000000 11.464100 -0.535900
v 7.000000 12.000000 0.000000
v 5.535900 11.464100 -1.464100
v 4.464100 10.000000 -2.535900
v 3.535900 10.000000 -0.928200
v 5.000000 11.464100 -0.535900
v 4.464100 10.000000 -2.535900
v 4.071800 8.000000 -2.928200
v 3.000000 8.000000 -1.071800
v 3.535900 10.000000 -0.928200
v 4.071800 8.000000 -2.928200
v 4.464100 6.000000 -2.535900
v 3.535900 6.000000 -0.928200
v 3.000000 8.000000 -1.071800
v 4.464100 6.000000 -2.535900
v 5.535900 4.535900 -1.464100
v 5.000000 4.535900 -0.535900
v 3.535900 6.000000 -0.928200
v 5.000000 4.535900 -0.535900
v 5.535900 4.535900 -1.464100
v 7.000000 4.000000 0.000000
v 5.000000 11.464100 -0.535900
v 5.000000 11.464100 0.535900
v 7.000000 12.000000 0.000000
v 5.000000 11.464100 -0.535900
v 3.535900 10.000000 -0.928200
v 3.535900 10.000000 0.928200
v 5.000000 11.464100 0.535900
v 3.535900 10.000000 -0.928200
v 3.000000 8.000000 -1.071800
v 3.000000 8.000000 1.071800
v 3.535900 10.000000 0.928200
v 3.000000 8.000000 -1.071800
v 3.535900 6.000000 -0.928200
v 3.535900 6.000000 0.928200
v 3.000000 8.000000 1.071800
v 3.535900 6.000000 -0.928200
v 5.000000 4.535900 -0.535900
v 5.000000 4.535900 0.535900
v 3.535900 6.000000 0.928200
v 5.000000 4.535900 0.535900
v 5.000000 4.535900 -0.535900
v 7.000000 4.000000 0.000000
v 5.000000 11.464100 0.535900
v 5.535900 11.464100 1.464100
v 7.000000 12.000000 0.000000
v 5.000000 11.464100 0.535900
v 3.535900 10.000000 0.928200
v 4.464100 10.000000 2.535900
v 5.535900 11.464100 1.464100
v 3.535900 10.000000 0.928200
v 3.000000 8.000000 1.071800
v 4.071800 8.000000 2.928200
v 4.464100 10.000000 2.535900
v 3.000000 8.000000 1.071800
v 3.535900 6.000000 0.928200
v 4.464100 6.000000 2.535900
v 4.071800 8.000000 2.928200
v 3.535900 6.000000 0.928200
v 5.000000 4.535900 0.535900
v 5.535900 4.535900 1.464100
v 4.464100 6.000000 2.535900
v 5.535900 4.535900 1.464100
v 5.000000 4.535900 0.535900
v 7.000000 4.000000 0.000000
v 5.535900 11.464100 1.464100
v 6.464100 11.464100 2.000000
v 7.000000 12.000000 0.000000
v 5.535900 11.464100 1.464100
v 4.464100 10.000000 2.535900
v 6.071800 10.000000 3.464100
v 6.464100 11.464100 2.000000
v 4.464100 10.000000 2.535900
v 4.071800 8.000000 2.928200
v 5.928200 8.000000 4.000000
v 6.071800 10.000000 3.464100
v 4.071800 8.000000 2.928200
v 4.464100 6.000000 2.535900
v 6.071800 6.000000 3.464100
v 5.928200 8.000000 4.000000
v 4.464100 6.000000 2.535900
v 5.535900 4.535900 1.464100
v 6.464100 4.535900 2.000000
v 6.071800 6.000000 3.464100
v 6.464100 4.535900 2.000000
v 5.535900 4.535900 1.464100
v 7.000000 4.000000 0.000000
v 6.464100 11.464100 2.000000
v 7.535900 11.464100 2.000000
v 7.000000 12.000000 0.000000
v 6.464100 11.464100 2.000000
v 6.071800 10.000000 3.464100
v 7.928200 10.000000 3.464100
v 7.535900 11.464100 2.000000
v 6.071800 10.000000 3.464100
v 5.928200 8.000000 4.000000
v 8.071800 8.000000 4.000000
v 7.928200 10.000000 3.464100
v 5.928200 8.000000 4.000000
v 6.071800 6.000000 3.464100
v 7.928200 6.000000 3.464100
v 8.071800 8.000000 4.000000
v 6.071800 6.000000 3.464100
v 6.464100 4.535900 2.000000
v 7.535900 4.535900 2.000000
v 7.928200 6.000000 3.464100
v 7.535900 4.535900 2.000000
v 6.464100 4.535900 2.000000
v 7.000000 4.000000 0.000000
v -3.000000 4.000000 -9.000000
v -3.000000 4.000000 7.000000
v -3.000000 0.000000 7.000000
v -3.000000 0.000000 -9.000000
v -11.000000 0.000000 7.000000
v -11.000000 4.000000 7.000000
v -11.000000 4.000000 -9.000000
v -11.000000 0.000000 -9.000000
v -11.000000 4.000000 7.000000
v -3.000000 4.000000 7.000000
v -3.000000 4.000000 -9.000000
v -11.000000 4.000000 -9.000000
v -3.000000 0.000000 -9.000000
v -3.000000 0.000000 7.000000
v -11.000000 0.000000 7.000000
v -11.000000 0.000000 -9.000000
v -3.000000 0.000000 7.000000
v -3.000000 4.000000 7.000000
v -11.000000 4.000000 7.000000
v -11.000000 0.000000 7.000000
v -11.000000 4.000000 -9.000000
v -3.000000 4.000000 -9.000000
v -3.000000 0.000000 -9.000000
v -11.000000 0.000000 -9.000000
v 11.000000 4.000000 -9.000000
v 11.000000 4.000000 7.000000
v 11.000000 0.000000 7.000000
v 11.000000 0.000000 -9.000000
v 3.000000 0.000000 7.000000
v 3.000000 4.000000 7.000000
v 3.000000 4.000000 -9.000000
v 3.000000 0.000000 -9.000000
v 3.000000 4.000000 7.000000
v 11.000000 4.000000 7.000000
v 11.000000 4.000000 -9.000000
v 3.000000 4.000000 -9.000000
v 11.000000 0.000000 -9.000000
v 11.000000 0.000000 7.000000
v 3.000000 0.000000 7.000000
v 3.000000 0.000000 -9.000000
v 11.000000 0.000000 7.000000
v 11.000000 4.000000 7.000000
v 3.000000 4.000000 7.000000
v 3.000000 0.000000 7.000000
v 3.000000 4.000000 -9.000000
v 11.000000 4.000000 -9.000000
v 11.000000 0.000000 -9.000000
v 3.000000 0.000000 -9.000000
v 11.000000 4.000000 -4.000000
v 11.000000 4.000000 4.000000
v 3.000000 4.000000 4.000000
v 3.000000 4.000000 -4.000000
v 11.000000 4.000000 4.000000
v 11.000000 4.000000 -4.000000
v 7.000000 12.000000 0.000000
v 3.000000 4.000000 4.000000
v 11.000000 4.000000 4.000000
v 7.000000 12.000000 0.000000
v 11.000000 4.000000 -4.000000
v 3.000000 4.000000 -4.000000
v 7.000000 12.000000 0.000000
v 3.000000 4.000000 -4.000000
v 3.000000 4.000000 4.000000
v 7.000000 12.000000 0.000000
v -3.000000 4.000000 -4.000000
v -3.000000 4.000000 4.000000
v -11.000000 4.000000 4.000000
v -11.000000 4.000000 -4.000000
v -3.000000 4.000000 4.000000
v -3.000000 4.000000 -4.000000
v -7.000000 12.000000 0.000000
v -11.000000 4.000000 4.000000
v -3.000000 4.000000 4.000000
v -7.000000 12.000000 0.000000
v -3.000000 4.000000 -4.000000
v -11.000000 4.000000 -4.000000
v -7.000000 12.000000 0.000000
v -11.000000 4.000000 -4.000000
v -11.000000 4.000000 4.000000
v -7.000000 12.000000 0.000000
vt 0.277344 0.855469
vt 0.277344 0.902344
vt 0.175781 0.902344
vt 0.175781 0.855469
vt 0.122027 0.714384
vt 0.167035 0.701285
vt 0.167035 0.785156
vt 0.000000 0.933250
vt 0.101562 0.933250
vt 0.050781 1.000000
vt 0.058594 0.870750
vt 0.160156 0.870750
vt 0.109375 0.937500
vt 0.036090 0.690947
vt 0.081098 0.677848
vt 0.081098 0.761719
vt 0.222656 0.667969
vt 0.222656 0.730469
vt 0.167969 0.730469
vt 0.167969 0.667969
vt 0.114027 0.807832
vt 0.173082 0.787369
vt 0.173082 0.882812
vt 0.000170 0.849911
vt 0.052565 0.834244
vt 0.052565 0.929688
vt 0.027513 0.787411
vt 0.079909 0.771744
vt 0.079909 0.867188
vt 0.125746 0.925020
vt 0.184801 0.904556
vt 0.184801 1.000000
vt 0.277344 0.816406
vt 0.277344 0.855469
vt 0.238281 0.855469
vt 0.238281 0.816406
vt 0.000321 0.558617
vt 0.034835 0.540324
vt 0.034835 0.582031
vt 0.219071 0.566429
vt 0.253585 0.548136
vt 0.253585 0.589844
vt 0.410477 0.562523
vt 0.444992 0.544230
vt 0.444992 0.585938
vt 0.035477 0.558617
vt 0.069992 0.540324
vt 0.069992 0.582031
vt 0.031250 0.929688
vt 0.000000 0.929688
vt 0.000000 0.898438
vt 0.031250 0.898438
vt 0.160156 0.968750
vt 0.160156 1.000000
vt 0.128906 1.000000
vt 0.128906 0.968750
vt 0.054688 0.898438
vt 0.078125 0.898438
vt 0.078125 0.929688
vt 0.054688 0.929688
vt 0.277344 0.660156
vt 0.277344 0.691406
vt 0.253906 0.691406
vt 0.253906 0.660156
vt 0.222656 0.636719
vt 0.222656 0.667969
vt 0.199219 0.667969
vt 0.199219 0.636719
vt 0.339844 0.636719
vt 0.316406 0.636719
vt 0.316406 0.605469
vt 0.339844 0.605469
vt 0.455499 0.937500
vt 0.468059 0.937500
vt 0.468059 0.968750
vt 0.455499 0.968750
vt 0.062068 0.476562
vt 0.055345 0.476562
vt 0.055345 0.445312
vt 0.062068 0.445312
vt 0.108830 0.989108
vt 0.114653 0.985746
vt 0.122626 0.993720
vt 0.111749 1.000000
vt 0.111749 0.820312
vt 0.122626 0.826593
vt 0.114653 0.834566
vt 0.108830 0.831204
vt 0.430379 0.968750
vt 0.442939 0.968750
vt 0.442939 1.000000
vt 0.430379 1.000000
vt 0.173171 0.480469
vt 0.166448 0.480469
vt 0.166448 0.449219
vt 0.173171 0.449219
vt 0.114653 0.985746
vt 0.118014 0.979924
vt 0.128906 0.982843
vt 0.122626 0.993720
vt 0.122626 0.826593
vt 0.128906 0.837470
vt 0.118014 0.840388
vt 0.114653 0.834566
vt 0.442939 0.968750
vt 0.455499 0.968750
vt 0.455499 1.000000
vt 0.442939 1.000000
vt 0.166448 0.480469
vt 0.159724 0.480469
vt 0.159724 0.449219
vt 0.166448 0.449219
vt 0.118014 0.979924
vt 0.118014 0.973201
vt 0.128906 0.970282
vt 0.128906 0.982843
vt 0.128906 0.837470
vt 0.128906 0.850030
vt 0.118014 0.847112
vt 0.118014 0.840388
vt 0.455499 0.968750
vt 0.468059 0.968750
vt 0.468059 1.000000
vt 0.455499 1.000000
vt 0.159724 0.480469
vt 0.153001 0.480469
vt 0.153001 0.449219
vt 0.159724 0.449219
vt 0.118014 0.973201
vt 0.114653 0.967379
vt 0.122626 0.959405
vt 0.128906 0.970282
vt 0.128906 0.850030
vt 0.122626 0.860907
vt 0.114653 0.852934
vt 0.118014 0.847112
vt 0.133504 0.535156
vt 0.146064 0.535156
vt 0.146064 0.566406
vt 0.133504 0.566406
vt 0.098952 0.476562
vt 0.092229 0.476562
vt 0.092229 0.445312
vt 0.098952 0.445312
vt 0.114653 0.967379
vt 0.108830 0.964017
vt 0.111749 0.953125
vt 0.122626 0.959405
vt 0.122626 0.860907
vt 0.111749 0.867188
vt 0.108830 0.856296
vt 0.114653 0.852934
vt 0.146064 0.535156
vt 0.158624 0.535156
vt 0.158624 0.566406
vt 0.146064 0.566406
vt 0.092229 0.476562
vt 0.085505 0.476562
vt 0.085505 0.445312
vt 0.092229 0.445312
vt 0.108830 0.964017
vt 0.102107 0.964017
vt 0.099189 0.953125
vt 0.111749 0.953125
vt 0.111749 0.867188
vt 0.099189 0.867188
vt 0.102107 0.856296
vt 0.108830 0.856296
vt 0.158624 0.535156
vt 0.171184 0.535156
vt 0.171184 0.566406
vt 0.158624 0.566406
vt 0.085505 0.476562
vt 0.078782 0.476562
vt 0.078782 0.445312
vt 0.085505 0.445312
vt 0.102107 0.964017
vt 0.096285 0.967379
vt 0.088311 0.959405
vt 0.099189 0.953125
vt 0.099189 0.867188
vt 0.088311 0.860907
vt 0.096285 0.852934
vt 0.102107 0.856296
vt 0.356160 0.539062
vt 0.368720 0.539062
vt 0.368720 0.570312
vt 0.356160 0.570312
vt 0.544265 1.000000
vt 0.537541 1.000000
vt 0.537541 0.968750
vt 0.544265 0.968750
vt 0.096285 0.967379
vt 0.092923 0.973201
vt 0.082031 0.970282
vt 0.088311 0.959405
vt 0.088311 0.860907
vt 0.082031 0.850030
vt 0.092923 0.847112
vt 0.096285 0.852934
vt 0.368720 0.539062
vt 0.381280 0.539062
vt 0.381280 0.570312
vt 0.368720 0.570312
vt 0.537541 1.000000
vt 0.530818 1.000000
vt 0.530818 0.968750
vt 0.537541 0.968750
vt 0.092923 0.973201
vt 0.092923 0.979924
vt 0.082031 0.982843
vt 0.082031 0.970282
vt 0.082031 0.850030
vt 0.082031 0.837470
vt 0.092923 0.840388
vt 0.092923 0.847112
vt 0.381280 0.539062
vt 0.393840 0.539062
vt 0.393840 0.570312
vt 0.381280 0.570312
vt 0.530818 1.000000
vt 0.524095 1.000000
vt 0.524095 0.968750
vt 0.530818 0.968750
vt 0.092923 0.979924
vt 0.096285 0.985746
vt 0.088311 0.993720
vt 0.082031 0.982843
vt 0.082031 0.837470
vt 0.088311 0.826593
vt 0.096285 0.834566
vt 0.092923 0.840388
vt 0.430379 0.937500
vt 0.442939 0.937500
vt 0.442939 0.968750
vt 0.430379 0.968750
vt 0.075515 0.476562
vt 0.068791 0.476562
vt 0.068791 0.445312
vt 0.075515 0.445312
vt 0.096285 0.985746
vt 0.102107 0.989108
vt 0.099189 1.000000
vt 0.088311 0.993720
vt 0.088311 0.826593
vt 0.099189 0.820312
vt 0.102107 0.831204
vt 0.096285 0.834566
vt 0.442939 0.937500
vt 0.455499 0.937500
vt 0.455499 0.968750
vt 0.442939 0.968750
vt 0.068791 0.476562
vt 0.062068 0.476562
vt 0.062068 0.445312
vt 0.068791 0.445312
vt 0.102107 0.989108
vt 0.108830 0.989108
vt 0.111749 1.000000
vt 0.099189 1.000000
vt 0.099189 0.820312
vt 0.111749 0.820312
vt 0.108830 0.831204
vt 0.102107 0.831204
vt 0.096124 0.531250
vt 0.108684 0.531250
vt 0.108684 0.562500
vt 0.096124 0.562500
vt 0.495662 0.476562
vt 0.488938 0.476562
vt 0.488938 0.445312
vt 0.495662 0.445312
vt 0.147893 0.692233
vt 0.153715 0.688871
vt 0.161689 0.696845
vt 0.150811 0.703125
vt 0.330499 0.953125
vt 0.341376 0.959405
vt 0.333403 0.967379
vt 0.327580 0.964017
vt 0.172566 0.535156
vt 0.185126 0.535156
vt 0.185126 0.566406
vt 0.172566 0.566406
vt 0.122390 0.476562
vt 0.115666 0.476562
vt 0.115666 0.445312
vt 0.122390 0.445312
vt 0.153715 0.688871
vt 0.157077 0.683049
vt 0.167969 0.685968
vt 0.161689 0.696845
vt 0.341376 0.959405
vt 0.347656 0.970282
vt 0.336764 0.973201
vt 0.333403 0.967379
vt 0.185126 0.535156
vt 0.197686 0.535156
vt 0.197686 0.566406
vt 0.185126 0.566406
vt 0.115666 0.476562
vt 0.108943 0.476562
vt 0.108943 0.445312
vt 0.115666 0.445312
vt 0.157077 0.683049
vt 0.157077 0.676326
vt 0.167969 0.673407
vt 0.167969 0.685968
vt 0.347656 0.970282
vt 0.347656 0.982843
vt 0.336764 0.979924
vt 0.336764 0.973201
vt 0.197686 0.535156
vt 0.210246 0.535156
vt 0.210246 0.566406
vt 0.197686 0.566406
vt 0.108943 0.476562
vt 0.102220 0.476562
vt 0.102220 0.445312
vt 0.108943 0.445312
vt 0.157077 0.676326
vt 0.153715 0.670504
vt 0.161689 0.662530
vt 0.167969 0.673407
vt 0.347656 0.982843
vt 0.341376 0.993720
vt 0.333403 0.985746
vt 0.336764 0.979924
vt 0.438191 0.781250
vt 0.450751 0.781250
vt 0.450751 0.812500
vt 0.438191 0.812500
vt 0.532546 0.476562
vt 0.525823 0.476562
vt 0.525823 0.445312
vt 0.532546 0.445312
vt 0.153715 0.670504
vt 0.147893 0.667142
vt 0.150811 0.656250
vt 0.161689 0.662530
vt 0.341376 0.993720
vt 0.330499 1.000000
vt 0.327580 0.989108
vt 0.333403 0.985746
vt 0.450751 0.781250
vt 0.463311 0.781250
vt 0.463311 0.812500
vt 0.450751 0.812500
vt 0.525823 0.476562
vt 0.519099 0.476562
vt 0.519099 0.445312
vt 0.525823 0.445312
vt 0.147893 0.667142
vt 0.141170 0.667142
vt 0.138251 0.656250
vt 0.150811 0.656250
vt 0.330499 1.000000
vt 0.317939 1.000000
vt 0.320857 0.989108
vt 0.327580 0.989108
vt 0.463311 0.781250
vt 0.475871 0.781250
vt 0.475871 0.812500
vt 0.463311 0.812500
vt 0.519099 0.476562
vt 0.512376 0.476562
vt 0.512376 0.445312
vt 0.519099 0.445312
vt 0.141170 0.667142
vt 0.135347 0.670504
vt 0.127374 0.662530
vt 0.138251 0.656250
vt 0.317939 1.000000
vt 0.307061 0.993720
vt 0.315035 0.985746
vt 0.320857 0.989108
vt 0.438191 0.812500
vt 0.450751 0.812500
vt 0.450751 0.843750
vt 0.438191 0.843750
vt 0.544265 0.804688
vt 0.537541 0.804688
vt 0.537541 0.773438
vt 0.544265 0.773438
vt 0.135347 0.670504
vt 0.131986 0.676326
vt 0.121094 0.673407
vt 0.127374 0.662530
vt 0.307061 0.993720
vt 0.300781 0.982843
vt 0.311673 0.979924
vt 0.315035 0.985746
vt 0.450751 0.812500
vt 0.463311 0.812500
vt 0.463311 0.843750
vt 0.450751 0.843750
vt 0.537541 0.804688
vt 0.530818 0.804688
vt 0.530818 0.773438
vt 0.537541 0.773438
vt 0.131986 0.676326
vt 0.131986 0.683049
vt 0.121094 0.685968
vt 0.121094 0.673407
vt 0.300781 0.982843
vt 0.300781 0.970282
vt 0.311673 0.973201
vt 0.311673 0.979924
vt 0.463311 0.812500
vt 0.475871 0.812500
vt 0.475871 0.843750
vt 0.463311 0.843750
vt 0.530818 0.804688
vt 0.524095 0.804688
vt 0.524095 0.773438
vt 0.530818 0.773438
vt 0.131986 0.683049
vt 0.135347 0.688871
vt 0.127374 0.696845
vt 0.121094 0.685968
vt 0.300781 0.970282
vt 0.307061 0.959405
vt 0.315035 0.967379
vt 0.311673 0.973201
vt 0.071004 0.531250
vt 0.083564 0.531250
vt 0.083564 0.562500
vt 0.071004 0.562500
vt 0.509109 0.476562
vt 0.502385 0.476562
vt 0.502385 0.445312
vt 0.509109 0.445312
vt 0.135347 0.688871
vt 0.141170 0.692233
vt 0.138251 0.703125
vt 0.127374 0.696845
vt 0.307061 0.959405
vt 0.317939 0.953125
vt 0.320857 0.964017
vt 0.315035 0.967379
vt 0.083564 0.531250
vt 0.096124 0.531250
vt 0.096124 0.562500
vt 0.083564 0.562500
vt 0.502385 0.476562
vt 0.495662 0.476562
vt 0.495662 0.445312
vt 0.502385 0.445312
vt 0.141170 0.692233
vt 0.147893 0.692233
vt 0.150811 0.703125
vt 0.138251 0.703125
vt 0.317939 0.953125
vt 0.330499 0.953125
vt 0.327580 0.964017
vt 0.320857 0.964017
vt 0.242188 0.906250
vt 0.242188 0.937500
vt 0.187500 0.937500
vt 0.187500 0.906250
vt 0.386719 0.796875
vt 0.386719 0.828125
vt 0.332031 0.828125
vt 0.332031 0.796875
vt 0.165109 0.628906
vt 0.167202 0.628906
vt 0.167202 0.660156
vt 0.165109 0.660156
vt 0.032643 0.718750
vt 0.031523 0.718750
vt 0.031523 0.687500
vt 0.032643 0.687500
vt 0.004466 0.998185
vt 0.005437 0.997624
vt 0.006766 0.998954
vt 0.004953 1.000000
vt 0.032296 0.992188
vt 0.034110 0.993234
vt 0.032780 0.994563
vt 0.031810 0.994003
vt 0.309361 0.921875
vt 0.311454 0.921875
vt 0.311454 0.953125
vt 0.309361 0.953125
vt 0.058321 0.898438
vt 0.057201 0.898438
vt 0.057201 0.867188
vt 0.058321 0.867188
vt 0.005437 0.997624
vt 0.005997 0.996654
vt 0.007812 0.997140
vt 0.006766 0.998954
vt 0.034110 0.993234
vt 0.035156 0.995047
vt 0.033341 0.995534
vt 0.032780 0.994563
vt 0.311454 0.921875
vt 0.313546 0.921875
vt 0.313546 0.953125
vt 0.311454 0.953125
vt 0.057201 0.898438
vt 0.056080 0.898438
vt 0.056080 0.867188
vt 0.057201 0.867188
vt 0.005997 0.996654
vt 0.005997 0.995534
vt 0.007812 0.995047
vt 0.007812 0.997140
vt 0.035156 0.995047
vt 0.035156 0.997140
vt 0.033341 0.996654
vt 0.033341 0.995534
vt 0.313546 0.921875
vt 0.315639 0.921875
vt 0.315639 0.953125
vt 0.313546 0.953125
vt 0.056080 0.898438
vt 0.054960 0.898438
vt 0.054960 0.867188
vt 0.056080 0.867188
vt 0.005997 0.995534
vt 0.005437 0.994563
vt 0.006766 0.993234
vt 0.007812 0.995047
vt 0.035156 0.997140
vt 0.034110 0.998954
vt 0.032780 0.997624
vt 0.033341 0.996654
vt 0.410923 0.484375
vt 0.413016 0.484375
vt 0.413016 0.515625
vt 0.410923 0.515625
vt 0.198946 0.605469
vt 0.197826 0.605469
vt 0.197826 0.574219
vt 0.198946 0.574219
vt 0.005437 0.994563
vt 0.004466 0.994003
vt 0.004953 0.992188
vt 0.006766 0.993234
vt 0.034110 0.998954
vt 0.032296 1.000000
vt 0.031810 0.998185
vt 0.032780 0.997624
vt 0.413016 0.484375
vt 0.415109 0.484375
vt 0.415109 0.515625
vt 0.413016 0.515625
vt 0.197826 0.605469
vt 0.196705 0.605469
vt 0.196705 0.574219
vt 0.197826 0.574219
vt 0.004466 0.994003
vt 0.003346 0.994003
vt 0.002860 0.992188
vt 0.004953 0.992188
vt 0.032296 1.000000
vt 0.030204 1.000000
vt 0.030690 0.998185
vt 0.031810 0.998185
vt 0.415109 0.484375
vt 0.417202 0.484375
vt 0.417202 0.515625
vt 0.415109 0.515625
vt 0.196705 0.605469
vt 0.195585 0.605469
vt 0.195585 0.574219
vt 0.196705 0.574219
vt 0.003346 0.994003
vt 0.002376 0.994563
vt 0.001046 0.993234
vt 0.002860 0.992188
vt 0.030204 1.000000
vt 0.028390 0.998954
vt 0.029720 0.997624
vt 0.030690 0.998185
vt 0.211704 0.542969
vt 0.213797 0.542969
vt 0.213797 0.574219
vt 0.211704 0.574219
vt 0.245821 0.945312
vt 0.244701 0.945312
vt 0.244701 0.914062
vt 0.245821 0.914062
vt 0.002376 0.994563
vt 0.001815 0.995534
vt 0.000000 0.995047
vt 0.001046 0.993234
vt 0.028390 0.998954
vt 0.027344 0.997140
vt 0.029159 0.996654
vt 0.029720 0.997624
vt 0.213797 0.542969
vt 0.215890 0.542969
vt 0.215890 0.574219
vt 0.213797 0.574219
vt 0.244701 0.945312
vt 0.243580 0.945312
vt 0.243580 0.914062
vt 0.244701 0.914062
vt 0.001815 0.995534
vt 0.001815 0.996654
vt 0.000000 0.997140
vt 0.000000 0.995047
vt 0.027344 0.997140
vt 0.027344 0.995047
vt 0.029159 0.995534
vt 0.029159 0.996654
vt 0.215890 0.542969
vt 0.217983 0.542969
vt 0.217983 0.574219
vt 0.215890 0.574219
vt 0.243580 0.945312
vt 0.242460 0.945312
vt 0.242460 0.914062
vt 0.243580 0.914062
vt 0.001815 0.996654
vt 0.002376 0.997624
vt 0.001046 0.998954
vt 0.000000 0.997140
vt 0.027344 0.995047
vt 0.028390 0.993234
vt 0.029720 0.994563
vt 0.029159 0.995534
vt 0.160923 0.628906
vt 0.163016 0.628906
vt 0.163016 0.660156
vt 0.160923 0.660156
vt 0.034884 0.718750
vt 0.033763 0.718750
vt 0.033763 0.687500
vt 0.034884 0.687500
vt 0.002376 0.997624
vt 0.003346 0.998185
vt 0.002860 1.000000
vt 0.001046 0.998954
vt 0.028390 0.993234
vt 0.030204 0.992188
vt 0.030690 0.994003
vt 0.029720 0.994563
vt 0.163016 0.628906
vt 0.165109 0.628906
vt 0.165109 0.660156
vt 0.163016 0.660156
vt 0.033763 0.718750
vt 0.032643 0.718750
vt 0.032643 0.687500
vt 0.033763 0.687500
vt 0.003346 0.998185
vt 0.004466 0.998185
vt 0.004953 1.000000
vt 0.002860 1.000000
vt 0.030204 0.992188
vt 0.032296 0.992188
vt 0.031810 0.994003
vt 0.030690 0.994003
vt 0.419015 0.425781
vt 0.421108 0.425781
vt 0.421108 0.457031
vt 0.419015 0.457031
vt 0.364674 0.460938
vt 0.363554 0.460938
vt 0.363554 0.429688
vt 0.364674 0.429688
vt 0.020091 0.970841
vt 0.021062 0.970280
vt 0.022391 0.971610
vt 0.020578 0.972656
vt 0.040109 0.992188
vt 0.041922 0.993234
vt 0.040593 0.994563
vt 0.039623 0.994003
vt 0.477329 0.437500
vt 0.479422 0.437500
vt 0.479422 0.468750
vt 0.477329 0.468750
vt 0.488009 0.472656
vt 0.486888 0.472656
vt 0.486888 0.441406
vt 0.488009 0.441406
vt 0.021062 0.970280
vt 0.021622 0.969310
vt 0.023438 0.969796
vt 0.022391 0.971610
vt 0.041922 0.993234
vt 0.042969 0.995047
vt 0.041154 0.995534
vt 0.040593 0.994563
vt 0.479422 0.437500
vt 0.481515 0.437500
vt 0.481515 0.468750
vt 0.479422 0.468750
vt 0.486888 0.472656
vt 0.485768 0.472656
vt 0.485768 0.441406
vt 0.486888 0.441406
vt 0.021622 0.969310
vt 0.021622 0.968190
vt 0.023438 0.967704
vt 0.023438 0.969796
vt 0.042969 0.995047
vt 0.042969 0.997140
vt 0.041154 0.996654
vt 0.041154 0.995534
vt 0.481515 0.437500
vt 0.483608 0.437500
vt 0.483608 0.468750
vt 0.481515 0.468750
vt 0.485768 0.472656
vt 0.484648 0.472656
vt 0.484648 0.441406
vt 0.485768 0.441406
vt 0.021622 0.968190
vt 0.021062 0.967220
vt 0.022391 0.965890
vt 0.023438 0.967704
vt 0.042969 0.997140
vt 0.041922 0.998954
vt 0.040593 0.997624
vt 0.041154 0.996654
vt 0.047642 0.421875
vt 0.049735 0.421875
vt 0.049735 0.453125
vt 0.047642 0.453125
vt 0.433321 0.460938
vt 0.432201 0.460938
vt 0.432201 0.429688
vt 0.433321 0.429688
vt 0.021062 0.967220
vt 0.020091 0.966659
vt 0.020578 0.964844
vt 0.022391 0.965890
vt 0.041922 0.998954
vt 0.040109 1.000000
vt 0.039623 0.998185
vt 0.040593 0.997624
vt 0.049735 0.421875
vt 0.051828 0.421875
vt 0.051828 0.453125
vt 0.049735 0.453125
vt 0.432201 0.460938
vt 0.431080 0.460938
vt 0.431080 0.429688
vt 0.432201 0.429688
vt 0.020091 0.966659
vt 0.018971 0.966659
vt 0.018485 0.964844
vt 0.020578 0.964844
vt 0.040109 1.000000
vt 0.038016 1.000000
vt 0.038502 0.998185
vt 0.039623 0.998185
vt 0.051828 0.421875
vt 0.053921 0.421875
vt 0.053921 0.453125
vt 0.051828 0.453125
vt 0.431080 0.460938
vt 0.429960 0.460938
vt 0.429960 0.429688
vt 0.431080 0.429688
vt 0.018971 0.966659
vt 0.018001 0.967220
vt 0.016671 0.965890
vt 0.018485 0.964844
vt 0.038016 1.000000
vt 0.036203 0.998954
vt 0.037532 0.997624
vt 0.038502 0.998185
vt 0.422642 0.425781
vt 0.424735 0.425781
vt 0.424735 0.457031
vt 0.422642 0.457031
vt 0.280977 0.464844
vt 0.279857 0.464844
vt 0.279857 0.433594
vt 0.280977 0.433594
vt 0.018001 0.967220
vt 0.017440 0.968190
vt 0.015625 0.967704
vt 0.016671 0.965890
vt 0.036203 0.998954
vt 0.035156 0.997140
vt 0.036971 0.996654
vt 0.037532 0.997624
vt 0.424735 0.425781
vt 0.426828 0.425781
vt 0.426828 0.457031
vt 0.424735 0.457031
vt 0.279857 0.464844
vt 0.278737 0.464844
vt 0.278737 0.433594
vt 0.279857 0.433594
vt 0.017440 0.968190
vt 0.017440 0.969310
vt 0.015625 0.969796
vt 0.015625 0.967704
vt 0.035156 0.997140
vt 0.035156 0.995047
vt 0.036971 0.995534
vt 0.036971 0.996654
vt 0.426828 0.425781
vt 0.428921 0.425781
vt 0.428921 0.457031
vt 0.426828 0.457031
vt 0.278737 0.464844
vt 0.277616 0.464844
vt 0.277616 0.433594
vt 0.278737 0.433594
vt 0.017440 0.969310
vt 0.018001 0.970280
vt 0.016671 0.971610
vt 0.015625 0.969796
vt 0.035156 0.995047
vt 0.036203 0.993234
vt 0.037532 0.994563
vt 0.036971 0.995534
vt 0.414829 0.425781
vt 0.416922 0.425781
vt 0.416922 0.457031
vt 0.414829 0.457031
vt 0.366915 0.460938
vt 0.365795 0.460938
vt 0.365795 0.429688
vt 0.366915 0.429688
vt 0.018001 0.970280
vt 0.018971 0.970841
vt 0.018485 0.972656
vt 0.016671 0.971610
vt 0.036203 0.993234
vt 0.038016 0.992188
vt 0.038502 0.994003
vt 0.037532 0.994563
vt 0.416922 0.425781
vt 0.419015 0.425781
vt 0.419015 0.457031
vt 0.416922 0.457031
vt 0.365795 0.460938
vt 0.364674 0.460938
vt 0.364674 0.429688
vt 0.365795 0.429688
vt 0.018971 0.970841
vt 0.020091 0.970841
vt 0.020578 0.972656
vt 0.018485 0.972656
vt 0.038016 0.992188
vt 0.040109 0.992188
vt 0.039623 0.994003
vt 0.038502 0.994003
vt 0.332031 0.890625
vt 0.316406 0.890625
vt 0.316406 0.851562
vt 0.332031 0.851562
vt 0.363281 0.898438
vt 0.363281 0.937500
vt 0.347656 0.937500
vt 0.347656 0.898438
vt 0.394531 0.828125
vt 0.433594 0.828125
vt 0.433594 0.843750
vt 0.394531 0.843750
vt 0.566406 0.734375
vt 0.566406 0.750000
vt 0.527344 0.750000
vt 0.527344 0.734375
vt 0.195312 0.566406
vt 0.195312 0.605469
vt 0.156250 0.605469
vt 0.156250 0.566406
vt 0.355469 0.593750
vt 0.316406 0.593750
vt 0.316406 0.554688
vt 0.355469 0.554688
vt 0.125000 0.562500
vt 0.109375 0.562500
vt 0.109375 0.500000
vt 0.125000 0.500000
vt 0.347656 0.492188
vt 0.347656 0.554688
vt 0.332031 0.554688
vt 0.332031 0.492188
vt 0.000000 0.957031
vt 0.015625 0.957031
vt 0.015625 0.972656
vt 0.000000 0.972656
vt 0.082031 0.984375
vt 0.082031 1.000000
vt 0.066406 1.000000
vt 0.066406 0.984375
vt 0.015625 0.484375
vt 0.015625 0.546875
vt 0.000000 0.546875
vt 0.000000 0.484375
vt 0.468750 0.781250
vt 0.453125 0.781250
vt 0.453125 0.718750
vt 0.468750 0.718750
vt 0.253906 0.546875
vt 0.238281 0.546875
vt 0.238281 0.484375
vt 0.253906 0.484375
vt 0.468750 0.656250
vt 0.468750 0.718750
vt 0.453125 0.718750
vt 0.453125 0.656250
vt 0.097656 0.968750
vt 0.113281 0.968750
vt 0.113281 0.984375
vt 0.097656 0.984375
vt 0.144531 0.953125
vt 0.144531 0.968750
vt 0.128906 0.968750
vt 0.128906 0.953125
vt 0.433594 0.484375
vt 0.433594 0.546875
vt 0.417969 0.546875
vt 0.417969 0.484375
vt 0.062500 0.542969
vt 0.046875 0.542969
vt 0.046875 0.480469
vt 0.062500 0.480469
vt 0.062500 0.843750
vt 0.062500 0.867188
vt 0.054688 0.867188
vt 0.054688 0.843750
vt 0.039062 0.812500
vt 0.039062 0.835938
vt 0.031250 0.835938
vt 0.031250 0.812500
vt 0.175781 0.906250
vt 0.152344 0.906250
vt 0.152344 0.882812
vt 0.175781 0.882812
vt 0.277344 0.636719
vt 0.277344 0.660156
vt 0.253906 0.660156
vt 0.253906 0.636719
vt 0.132812 0.570312
vt 0.156250 0.570312
vt 0.156250 0.593750
vt 0.132812 0.593750
vt 0.476562 0.445312
vt 0.476562 0.468750
vt 0.453125 0.468750
vt 0.453125 0.445312
vt 0.558594 0.906250
vt 0.558594 0.929688
vt 0.535156 0.929688
vt 0.535156 0.906250
vt 0.558594 0.906250
vt 0.535156 0.906250
vt 0.535156 0.882812
vt 0.558594 0.882812
vt 0.229908 0.847095
vt 0.215405 0.855469
vt 0.207031 0.824219
vt 0.404858 0.601562
vt 0.421605 0.601562
vt 0.421605 0.632812
vt 0.404858 0.632812
vt 0.227123 0.937500
vt 0.241627 0.945873
vt 0.218750 0.968750
vt 0.238281 0.832592
vt 0.229908 0.847095
vt 0.207031 0.824219
vt 0.250270 0.968750
vt 0.267017 0.968750
vt 0.267017 1.000000
vt 0.250270 1.000000
vt 0.241627 0.945873
vt 0.250000 0.960377
vt 0.218750 0.968750
vt 0.238281 0.815845
vt 0.238281 0.832592
vt 0.207031 0.824219
vt 0.267017 0.968750
vt 0.283764 0.968750
vt 0.283764 1.000000
vt 0.267017 1.000000
vt 0.250000 0.960377
vt 0.250000 0.977123
vt 0.218750 0.968750
vt 0.229908 0.801342
vt 0.238281 0.815845
vt 0.207031 0.824219
vt 0.283764 0.968750
vt 0.300511 0.968750
vt 0.300511 1.000000
vt 0.283764 1.000000
vt 0.250000 0.977123
vt 0.241627 0.991627
vt 0.218750 0.968750
vt 0.215405 0.792969
vt 0.229908 0.801342
vt 0.207031 0.824219
vt 0.379177 0.937500
vt 0.395923 0.937500
vt 0.395923 0.968750
vt 0.379177 0.968750
vt 0.241627 0.991627
vt 0.227123 1.000000
vt 0.218750 0.968750
vt 0.198658 0.792969
vt 0.215405 0.792969
vt 0.207031 0.824219
vt 0.395923 0.937500
vt 0.412670 0.937500
vt 0.412670 0.968750
vt 0.395923 0.968750
vt 0.227123 1.000000
vt 0.210377 1.000000
vt 0.218750 0.968750
vt 0.184155 0.801342
vt 0.198658 0.792969
vt 0.207031 0.824219
vt 0.412670 0.937500
vt 0.429417 0.937500
vt 0.429417 0.968750
vt 0.412670 0.968750
vt 0.210377 1.000000
vt 0.195873 0.991627
vt 0.218750 0.968750
vt 0.175781 0.815845
vt 0.184155 0.801342
vt 0.207031 0.824219
vt 0.379177 0.968750
vt 0.395923 0.968750
vt 0.395923 1.000000
vt 0.379177 1.000000
vt 0.195873 0.991627
vt 0.187500 0.977123
vt 0.218750 0.968750
vt 0.175781 0.832592
vt 0.175781 0.815845
vt 0.207031 0.824219
vt 0.395923 0.968750
vt 0.412670 0.968750
vt 0.412670 1.000000
vt 0.395923 1.000000
vt 0.187500 0.977123
vt 0.187500 0.960377
vt 0.218750 0.968750
vt 0.184155 0.847095
vt 0.175781 0.832592
vt 0.207031 0.824219
vt 0.412670 0.968750
vt 0.429417 0.968750
vt 0.429417 1.000000
vt 0.412670 1.000000
vt 0.187500 0.960377
vt 0.195873 0.945873
vt 0.218750 0.968750
vt 0.198658 0.855469
vt 0.184155 0.847095
vt 0.207031 0.824219
vt 0.371364 0.601562
vt 0.388111 0.601562
vt 0.388111 0.632812
vt 0.371364 0.632812
vt 0.195873 0.945873
vt 0.210377 0.937500
vt 0.218750 0.968750
vt 0.215405 0.855469
vt 0.198658 0.855469
vt 0.207031 0.824219
vt 0.388111 0.601562
vt 0.404858 0.601562
vt 0.404858 0.632812
vt 0.388111 0.632812
vt 0.210377 0.937500
vt 0.227123 0.937500
vt 0.218750 0.968750
vt 0.136158 0.792408
vt 0.121655 0.800781
vt 0.113281 0.769531
vt 0.420483 0.796875
vt 0.437230 0.796875
vt 0.437230 0.828125
vt 0.420483 0.828125
vt 0.207592 0.730469
vt 0.222095 0.738842
vt 0.199219 0.761719
vt 0.144531 0.777905
vt 0.136158 0.792408
vt 0.113281 0.769531
vt 0.031520 0.582031
vt 0.048267 0.582031
vt 0.048267 0.613281
vt 0.031520 0.613281
vt 0.222095 0.738842
vt 0.230469 0.753345
vt 0.199219 0.761719
vt 0.144531 0.761158
vt 0.144531 0.777905
vt 0.113281 0.769531
vt 0.048267 0.582031
vt 0.065014 0.582031
vt 0.065014 0.613281
vt 0.048267 0.613281
vt 0.230469 0.753345
vt 0.230469 0.770092
vt 0.199219 0.761719
vt 0.136158 0.746655
vt 0.144531 0.761158
vt 0.113281 0.769531
vt 0.065014 0.582031
vt 0.081761 0.582031
vt 0.081761 0.613281
vt 0.065014 0.613281
vt 0.230469 0.770092
vt 0.222095 0.784595
vt 0.199219 0.761719
vt 0.121655 0.738281
vt 0.136158 0.746655
vt 0.113281 0.769531
vt 0.394802 0.906250
vt 0.411548 0.906250
vt 0.411548 0.937500
vt 0.394802 0.937500
vt 0.222095 0.784595
vt 0.207592 0.792969
vt 0.199219 0.761719
vt 0.104908 0.738281
vt 0.121655 0.738281
vt 0.113281 0.769531
vt 0.411548 0.906250
vt 0.428295 0.906250
vt 0.428295 0.937500
vt 0.411548 0.937500
vt 0.207592 0.792969
vt 0.190845 0.792969
vt 0.199219 0.761719
vt 0.090405 0.746655
vt 0.104908 0.738281
vt 0.113281 0.769531
vt 0.428295 0.906250
vt 0.445042 0.906250
vt 0.445042 0.937500
vt 0.428295 0.937500
vt 0.190845 0.792969
vt 0.176342 0.784595
vt 0.199219 0.761719
vt 0.082031 0.761158
vt 0.090405 0.746655
vt 0.113281 0.769531
vt 0.386989 0.765625
vt 0.403736 0.765625
vt 0.403736 0.796875
vt 0.386989 0.796875
vt 0.176342 0.784595
vt 0.167969 0.770092
vt 0.199219 0.761719
vt 0.082031 0.777905
vt 0.082031 0.761158
vt 0.113281 0.769531
vt 0.403736 0.765625
vt 0.420483 0.765625
vt 0.420483 0.796875
vt 0.403736 0.796875
vt 0.167969 0.770092
vt 0.167969 0.753345
vt 0.199219 0.761719
vt 0.090405 0.792408
vt 0.082031 0.777905
vt 0.113281 0.769531
vt 0.420483 0.765625
vt 0.437230 0.765625
vt 0.437230 0.796875
vt 0.420483 0.796875
vt 0.167969 0.753345
vt 0.176342 0.738842
vt 0.199219 0.761719
vt 0.104908 0.800781
vt 0.090405 0.792408
vt 0.113281 0.769531
vt 0.386989 0.796875
vt 0.403736 0.796875
vt 0.403736 0.828125
vt 0.386989 0.828125
vt 0.176342 0.738842
vt 0.190845 0.730469
vt 0.199219 0.761719
vt 0.121655 0.800781
vt 0.104908 0.800781
vt 0.113281 0.769531
vt 0.403736 0.796875
vt 0.420483 0.796875
vt 0.420483 0.828125
vt 0.403736 0.828125
vt 0.190845 0.730469
vt 0.207592 0.730469
vt 0.199219 0.761719
vt 0.218750 0.523438
vt 0.187500 0.523438
vt 0.187500 0.500000
vt 0.218750 0.500000
vt 0.316406 0.496094
vt 0.316406 0.519531
vt 0.285156 0.519531
vt 0.285156 0.496094
vt 0.453125 0.625000
vt 0.484375 0.625000
vt 0.484375 0.656250
vt 0.453125 0.656250
vt 0.285156 0.511719
vt 0.285156 0.542969
vt 0.253906 0.542969
vt 0.253906 0.511719
vt 0.464844 0.496094
vt 0.464844 0.519531
vt 0.433594 0.519531
vt 0.433594 0.496094
vt 0.515625 0.656250
vt 0.484375 0.656250
vt 0.484375 0.632812
vt 0.515625 0.632812
vt 0.555454 0.879673
vt 0.550015 0.882812
vt 0.546875 0.871094
vt 0.540249 0.671875
vt 0.546529 0.671875
vt 0.546529 0.703125
vt 0.540249 0.703125
vt 0.550015 0.816406
vt 0.555454 0.819546
vt 0.546875 0.828125
vt 0.558594 0.874234
vt 0.555454 0.879673
vt 0.546875 0.871094
vt 0.527690 0.703125
vt 0.533970 0.703125
vt 0.533970 0.734375
vt 0.527690 0.734375
vt 0.555454 0.819546
vt 0.558594 0.824985
vt 0.546875 0.828125
vt 0.558594 0.867954
vt 0.558594 0.874234
vt 0.546875 0.871094
vt 0.533970 0.703125
vt 0.540249 0.703125
vt 0.540249 0.734375
vt 0.533970 0.734375
vt 0.558594 0.824985
vt 0.558594 0.831265
vt 0.546875 0.828125
vt 0.555454 0.862515
vt 0.558594 0.867954
vt 0.546875 0.871094
vt 0.540249 0.703125
vt 0.546529 0.703125
vt 0.546529 0.734375
vt 0.540249 0.734375
vt 0.558594 0.831265
vt 0.555454 0.836704
vt 0.546875 0.828125
vt 0.550015 0.859375
vt 0.555454 0.862515
vt 0.546875 0.871094
vt 0.527690 0.492188
vt 0.533970 0.492188
vt 0.533970 0.523438
vt 0.527690 0.523438
vt 0.555454 0.836704
vt 0.550015 0.839844
vt 0.546875 0.828125
vt 0.543735 0.859375
vt 0.550015 0.859375
vt 0.546875 0.871094
vt 0.533970 0.492188
vt 0.540249 0.492188
vt 0.540249 0.523438
vt 0.533970 0.523438
vt 0.550015 0.839844
vt 0.543735 0.839844
vt 0.546875 0.828125
vt 0.538296 0.862515
vt 0.543735 0.859375
vt 0.546875 0.871094
vt 0.540249 0.492188
vt 0.546529 0.492188
vt 0.546529 0.523438
vt 0.540249 0.523438
vt 0.543735 0.839844
vt 0.538296 0.836704
vt 0.546875 0.828125
vt 0.535156 0.867954
vt 0.538296 0.862515
vt 0.546875 0.871094
vt 0.527690 0.523438
vt 0.533970 0.523438
vt 0.533970 0.554688
vt 0.527690 0.554688
vt 0.538296 0.836704
vt 0.535156 0.831265
vt 0.546875 0.828125
vt 0.535156 0.874234
vt 0.535156 0.867954
vt 0.546875 0.871094
vt 0.533970 0.523438
vt 0.540249 0.523438
vt 0.540249 0.554688
vt 0.533970 0.554688
vt 0.535156 0.831265
vt 0.535156 0.824985
vt 0.546875 0.828125
vt 0.538296 0.879673
vt 0.535156 0.874234
vt 0.546875 0.871094
vt 0.540249 0.523438
vt 0.546529 0.523438
vt 0.546529 0.554688
vt 0.540249 0.554688
vt 0.535156 0.824985
vt 0.538296 0.819546
vt 0.546875 0.828125
vt 0.543735 0.882812
vt 0.538296 0.879673
vt 0.546875 0.871094
vt 0.527690 0.671875
vt 0.533970 0.671875
vt 0.533970 0.703125
vt 0.527690 0.703125
vt 0.538296 0.819546
vt 0.543735 0.816406
vt 0.546875 0.828125
vt 0.550015 0.882812
vt 0.543735 0.882812
vt 0.546875 0.871094
vt 0.533970 0.671875
vt 0.540249 0.671875
vt 0.540249 0.703125
vt 0.533970 0.703125
vt 0.543735 0.816406
vt 0.550015 0.816406
vt 0.546875 0.828125
vt 0.410156 0.515625
vt 0.378906 0.515625
vt 0.378906 0.492188
vt 0.410156 0.492188
vt 0.285156 0.488281
vt 0.285156 0.511719
vt 0.253906 0.511719
vt 0.253906 0.488281
vt 0.156250 0.503906
vt 0.187500 0.503906
vt 0.187500 0.535156
vt 0.156250 0.535156
vt 0.500000 0.968750
vt 0.500000 1.000000
vt 0.468750 1.000000
vt 0.468750 0.968750
vt 0.046875 0.484375
vt 0.046875 0.507812
vt 0.015625 0.507812
vt 0.015625 0.484375
vt 0.378906 0.507812
vt 0.347656 0.507812
vt 0.347656 0.484375
vt 0.378906 0.484375
vt 0.555454 0.489048
vt 0.550015 0.492188
vt 0.546875 0.480469
vt 0.294155 0.437500
vt 0.300435 0.437500
vt 0.300435 0.468750
vt 0.294155 0.468750
vt 0.550015 0.445312
vt 0.555454 0.448452
vt 0.546875 0.457031
vt 0.558594 0.483609
vt 0.555454 0.489048
vt 0.546875 0.480469
vt 0.176127 0.437500
vt 0.182407 0.437500
vt 0.182407 0.468750
vt 0.176127 0.468750
vt 0.555454 0.448452
vt 0.558594 0.453891
vt 0.546875 0.457031
vt 0.558594 0.477329
vt 0.558594 0.483609
vt 0.546875 0.480469
vt 0.182407 0.437500
vt 0.188687 0.437500
vt 0.188687 0.468750
vt 0.182407 0.468750
vt 0.558594 0.453891
vt 0.558594 0.460171
vt 0.546875 0.457031
vt 0.555454 0.471890
vt 0.558594 0.477329
vt 0.546875 0.480469
vt 0.188687 0.437500
vt 0.194966 0.437500
vt 0.194966 0.468750
vt 0.188687 0.468750
vt 0.558594 0.460171
vt 0.555454 0.465610
vt 0.546875 0.457031
vt 0.550015 0.468750
vt 0.555454 0.471890
vt 0.546875 0.480469
vt 0.433940 0.437500
vt 0.440220 0.437500
vt 0.440220 0.468750
vt 0.433940 0.468750
vt 0.555454 0.465610
vt 0.550015 0.468750
vt 0.546875 0.457031
vt 0.543735 0.468750
vt 0.550015 0.468750
vt 0.546875 0.480469
vt 0.440220 0.437500
vt 0.446499 0.437500
vt 0.446499 0.468750
vt 0.440220 0.468750
vt 0.550015 0.468750
vt 0.543735 0.468750
vt 0.546875 0.457031
vt 0.538296 0.471890
vt 0.543735 0.468750
vt 0.546875 0.480469
vt 0.446499 0.437500
vt 0.452779 0.437500
vt 0.452779 0.468750
vt 0.446499 0.468750
vt 0.543735 0.468750
vt 0.538296 0.465610
vt 0.546875 0.457031
vt 0.535156 0.477329
vt 0.538296 0.471890
vt 0.546875 0.480469
vt 0.531596 0.601562
vt 0.537876 0.601562
vt 0.537876 0.632812
vt 0.531596 0.632812
vt 0.538296 0.465610
vt 0.535156 0.460171
vt 0.546875 0.457031
vt 0.535156 0.483609
vt 0.535156 0.477329
vt 0.546875 0.480469
vt 0.537876 0.601562
vt 0.544155 0.601562
vt 0.544155 0.632812
vt 0.537876 0.632812
vt 0.535156 0.460171
vt 0.535156 0.453891
vt 0.546875 0.457031
vt 0.538296 0.489048
vt 0.535156 0.483609
vt 0.546875 0.480469
vt 0.544155 0.601562
vt 0.550435 0.601562
vt 0.550435 0.632812
vt 0.544155 0.632812
vt 0.535156 0.453891
vt 0.538296 0.448452
vt 0.546875 0.457031
vt 0.543735 0.492188
vt 0.538296 0.489048
vt 0.546875 0.480469
vt 0.281596 0.437500
vt 0.287876 0.437500
vt 0.287876 0.468750
vt 0.281596 0.468750
vt 0.538296 0.448452
vt 0.543735 0.445312
vt 0.546875 0.457031
vt 0.550015 0.492188
vt 0.543735 0.492188
vt 0.546875 0.480469
vt 0.287876 0.437500
vt 0.294155 0.437500
vt 0.294155 0.468750
vt 0.287876 0.468750
vt 0.543735 0.445312
vt 0.550015 0.445312
vt 0.546875 0.457031
vt 0.054127 0.772877
vt 0.039623 0.781250
vt 0.031250 0.750000
vt 0.428295 0.843750
vt 0.445042 0.843750
vt 0.445042 0.875000
vt 0.428295 0.875000
vt 0.270092 0.753906
vt 0.284595 0.762280
vt 0.261719 0.785156
vt 0.062500 0.758373
vt 0.054127 0.772877
vt 0.031250 0.750000
vt 0.394802 0.875000
vt 0.411548 0.875000
vt 0.411548 0.906250
vt 0.394802 0.906250
vt 0.284595 0.762280
vt 0.292969 0.776783
vt 0.261719 0.785156
vt 0.062500 0.741627
vt 0.062500 0.758373
vt 0.031250 0.750000
vt 0.411548 0.875000
vt 0.428295 0.875000
vt 0.428295 0.906250
vt 0.411548 0.906250
vt 0.292969 0.776783
vt 0.292969 0.793530
vt 0.261719 0.785156
vt 0.054127 0.727123
vt 0.062500 0.741627
vt 0.031250 0.750000
vt 0.428295 0.875000
vt 0.445042 0.875000
vt 0.445042 0.906250
vt 0.428295 0.906250
vt 0.292969 0.793530
vt 0.284595 0.808033
vt 0.261719 0.785156
vt 0.039623 0.718750
vt 0.054127 0.727123
vt 0.031250 0.750000
vt 0.402614 0.734375
vt 0.419361 0.734375
vt 0.419361 0.765625
vt 0.402614 0.765625
vt 0.284595 0.808033
vt 0.270092 0.816406
vt 0.261719 0.785156
vt 0.022877 0.718750
vt 0.039623 0.718750
vt 0.031250 0.750000
vt 0.419361 0.734375
vt 0.436108 0.734375
vt 0.436108 0.765625
vt 0.419361 0.765625
vt 0.270092 0.816406
vt 0.253345 0.816406
vt 0.261719 0.785156
vt 0.008373 0.727123
vt 0.022877 0.718750
vt 0.031250 0.750000
vt 0.436108 0.734375
vt 0.452855 0.734375
vt 0.452855 0.765625
vt 0.436108 0.765625
vt 0.253345 0.816406
vt 0.238842 0.808033
vt 0.261719 0.785156
vt 0.000000 0.741627
vt 0.008373 0.727123
vt 0.031250 0.750000
vt 0.371364 0.570312
vt 0.388111 0.570312
vt 0.388111 0.601562
vt 0.371364 0.601562
vt 0.238842 0.808033
vt 0.230469 0.793530
vt 0.261719 0.785156
vt 0.000000 0.758373
vt 0.000000 0.741627
vt 0.031250 0.750000
vt 0.388111 0.570312
vt 0.404858 0.570312
vt 0.404858 0.601562
vt 0.388111 0.601562
vt 0.230469 0.793530
vt 0.230469 0.776783
vt 0.261719 0.785156
vt 0.008373 0.772877
vt 0.000000 0.758373
vt 0.031250 0.750000
vt 0.404858 0.570312
vt 0.421605 0.570312
vt 0.421605 0.601562
vt 0.404858 0.601562
vt 0.230469 0.776783
vt 0.238842 0.762280
vt 0.261719 0.785156
vt 0.022877 0.781250
vt 0.008373 0.772877
vt 0.031250 0.750000
vt 0.394802 0.843750
vt 0.411548 0.843750
vt 0.411548 0.875000
vt 0.394802 0.875000
vt 0.238842 0.762280
vt 0.253345 0.753906
vt 0.261719 0.785156
vt 0.039623 0.781250
vt 0.022877 0.781250
vt 0.031250 0.750000
vt 0.411548 0.843750
vt 0.428295 0.843750
vt 0.428295 0.875000
vt 0.411548 0.875000
vt 0.253345 0.753906
vt 0.270092 0.753906
vt 0.261719 0.785156
vt 0.300220 0.960377
vt 0.285717 0.968750
vt 0.277344 0.937500
vt 0.436108 0.671875
vt 0.452855 0.671875
vt 0.452855 0.703125
vt 0.436108 0.703125
vt 0.262280 0.691406
vt 0.276783 0.699780
vt 0.253906 0.722656
vt 0.308594 0.945873
vt 0.300220 0.960377
vt 0.277344 0.937500
vt 0.402614 0.703125
vt 0.419361 0.703125
vt 0.419361 0.734375
vt 0.402614 0.734375
vt 0.276783 0.699780
vt 0.285156 0.714283
vt 0.253906 0.722656
vt 0.308594 0.929127
vt 0.308594 0.945873
vt 0.277344 0.937500
vt 0.419361 0.703125
vt 0.436108 0.703125
vt 0.436108 0.734375
vt 0.419361 0.734375
vt 0.285156 0.714283
vt 0.285156 0.731030
vt 0.253906 0.722656
vt 0.300220 0.914623
vt 0.308594 0.929127
vt 0.277344 0.937500
vt 0.436108 0.703125
vt 0.452855 0.703125
vt 0.452855 0.734375
vt 0.436108 0.734375
vt 0.285156 0.731030
vt 0.276783 0.745533
vt 0.253906 0.722656
vt 0.285717 0.906250
vt 0.300220 0.914623
vt 0.277344 0.937500
vt 0.082302 0.562500
vt 0.099048 0.562500
vt 0.099048 0.593750
vt 0.082302 0.593750
vt 0.276783 0.745533
vt 0.262280 0.753906
vt 0.253906 0.722656
vt 0.268970 0.906250
vt 0.285717 0.906250
vt 0.277344 0.937500
vt 0.099048 0.562500
vt 0.115795 0.562500
vt 0.115795 0.593750
vt 0.099048 0.593750
vt 0.262280 0.753906
vt 0.245533 0.753906
vt 0.253906 0.722656
vt 0.254467 0.914623
vt 0.268970 0.906250
vt 0.277344 0.937500
vt 0.115795 0.562500
vt 0.132542 0.562500
vt 0.132542 0.593750
vt 0.115795 0.593750
vt 0.245533 0.753906
vt 0.231030 0.745533
vt 0.253906 0.722656
vt 0.246094 0.929127
vt 0.254467 0.914623
vt 0.277344 0.937500
vt 0.402614 0.640625
vt 0.419361 0.640625
vt 0.419361 0.671875
vt 0.402614 0.671875
vt 0.231030 0.745533
vt 0.222656 0.731030
vt 0.253906 0.722656
vt 0.246094 0.945873
vt 0.246094 0.929127
vt 0.277344 0.937500
vt 0.419361 0.640625
vt 0.436108 0.640625
vt 0.436108 0.671875
vt 0.419361 0.671875
vt 0.222656 0.731030
vt 0.222656 0.714283
vt 0.253906 0.722656
vt 0.254467 0.960377
vt 0.246094 0.945873
vt 0.277344 0.937500
vt 0.436108 0.640625
vt 0.452855 0.640625
vt 0.452855 0.671875
vt 0.436108 0.671875
vt 0.222656 0.714283
vt 0.231030 0.699780
vt 0.253906 0.722656
vt 0.268970 0.968750
vt 0.254467 0.960377
vt 0.277344 0.937500
vt 0.402614 0.671875
vt 0.419361 0.671875
vt 0.419361 0.703125
vt 0.402614 0.703125
vt 0.231030 0.699780
vt 0.245533 0.691406
vt 0.253906 0.722656
vt 0.285717 0.968750
vt 0.268970 0.968750
vt 0.277344 0.937500
vt 0.419361 0.671875
vt 0.436108 0.671875
vt 0.436108 0.703125
vt 0.419361 0.703125
vt 0.245533 0.691406
vt 0.262280 0.691406
vt 0.253906 0.722656
vt 0.386719 0.796875
vt 0.355469 0.796875
vt 0.355469 0.742188
vt 0.386719 0.742188
vt 0.394531 0.882812
vt 0.394531 0.937500
vt 0.363281 0.937500
vt 0.363281 0.882812
vt 0.347656 0.507812
vt 0.378906 0.507812
vt 0.378906 0.539062
vt 0.347656 0.539062
vt 0.156250 0.503906
vt 0.156250 0.535156
vt 0.125000 0.535156
vt 0.125000 0.503906
vt 0.394531 0.828125
vt 0.394531 0.882812
vt 0.363281 0.882812
vt 0.363281 0.828125
vt 0.285156 0.636719
vt 0.253906 0.636719
vt 0.253906 0.582031
vt 0.285156 0.582031
vt 0.316406 0.636719
vt 0.285156 0.636719
vt 0.285156 0.582031
vt 0.316406 0.582031
vt 0.230469 0.574219
vt 0.230469 0.628906
vt 0.199219 0.628906
vt 0.199219 0.574219
vt 0.062500 0.500000
vt 0.093750 0.500000
vt 0.093750 0.531250
vt 0.062500 0.531250
vt 0.500000 0.750000
vt 0.500000 0.781250
vt 0.468750 0.781250
vt 0.468750 0.750000
vt 0.402344 0.687500
vt 0.402344 0.742188
vt 0.371094 0.742188
vt 0.371094 0.687500
vt 0.402344 0.687500
vt 0.371094 0.687500
vt 0.371094 0.632812
vt 0.402344 0.632812
vt 0.018674 0.983652
vt 0.022571 0.985183
vt 0.017664 0.991945
vt 0.018674 0.983652
vt 0.020206 0.975563
vt 0.026955 0.978216
vt 0.022571 0.985183
vt 0.273437 0.486161
vt 0.271765 0.478227
vt 0.280058 0.477071
vt 0.280619 0.485160
vt 0.271765 0.478227
vt 0.271204 0.470139
vt 0.278386 0.469138
vt 0.280058 0.477071
vt 0.271204 0.470139
vt 0.271605 0.461916
vt 0.275752 0.461339
vt 0.278386 0.469138
vt 0.530168 0.844395
vt 0.526507 0.846426
vt 0.524414 0.838338
vt 0.022571 0.985183
vt 0.025637 0.988034
vt 0.018597 0.992532
vt 0.022571 0.985183
vt 0.026955 0.978216
vt 0.032266 0.983153
vt 0.025637 0.988034
vt 0.340475 0.481253
vt 0.341036 0.473165
vt 0.349329 0.474321
vt 0.347657 0.482254
vt 0.341036 0.473165
vt 0.342708 0.465232
vt 0.349890 0.466233
vt 0.349329 0.474321
vt 0.536220 0.849977
vt 0.530168 0.844395
vt 0.532384 0.840843
vt 0.540058 0.843824
vt 0.532384 0.840843
vt 0.530168 0.844395
vt 0.524414 0.838338
vt 0.025637 0.988034
vt 0.026935 0.992014
vt 0.018597 0.992532
vt 0.040875 0.929688
vt 0.039343 0.921875
vt 0.046595 0.921875
vt 0.045062 0.929688
vt 0.352399 0.484237
vt 0.349648 0.476610
vt 0.357702 0.474321
vt 0.359374 0.482254
vt 0.349329 0.474321
vt 0.349890 0.466233
vt 0.357141 0.466233
vt 0.357702 0.474321
vt 0.350091 0.464537
vt 0.353472 0.457031
vt 0.357543 0.458010
vt 0.357141 0.466233
vt 0.532599 0.836662
vt 0.532384 0.840843
vt 0.524414 0.838338
vt 0.026935 0.992014
vt 0.026140 0.996125
vt 0.018597 0.992532
vt 0.554420 0.734375
vt 0.547791 0.729495
vt 0.553102 0.724557
vt 0.557487 0.731524
vt 0.359374 0.482254
vt 0.357702 0.474321
vt 0.365996 0.473165
vt 0.366557 0.481253
vt 0.357702 0.474321
vt 0.357141 0.466233
vt 0.364324 0.465232
vt 0.365996 0.473165
vt 0.357141 0.466233
vt 0.357543 0.458010
vt 0.361689 0.457432
vt 0.364324 0.465232
vt 0.530758 0.832902
vt 0.532599 0.836662
vt 0.524414 0.838338
vt 0.021685 0.998354
vt 0.017835 1.000000
vt 0.016581 0.991740
vt 0.557487 0.731524
vt 0.553102 0.724557
vt 0.559851 0.721905
vt 0.561383 0.729993
vt 0.000631 0.481253
vt 0.001192 0.473165
vt 0.009485 0.474321
vt 0.007813 0.482254
vt 0.001192 0.473165
vt 0.002864 0.465232
vt 0.010046 0.466233
vt 0.009485 0.474321
vt 0.002864 0.465232
vt 0.005498 0.457432
vt 0.009645 0.458010
vt 0.010046 0.466233
vt 0.527324 0.830507
vt 0.530758 0.832902
vt 0.524414 0.838338
vt 0.017835 1.000000
vt 0.013671 0.999572
vt 0.016581 0.991740
vt 0.561383 0.729993
vt 0.559851 0.721905
vt 0.567102 0.721905
vt 0.565570 0.729993
vt 0.012555 0.484237
vt 0.009804 0.476610
vt 0.017859 0.474321
vt 0.019531 0.482254
vt 0.009485 0.474321
vt 0.010046 0.466233
vt 0.017298 0.466233
vt 0.017859 0.474321
vt 0.010247 0.464537
vt 0.013628 0.457031
vt 0.017699 0.458010
vt 0.017298 0.466233
vt 0.523159 0.830078
vt 0.527324 0.830507
vt 0.524414 0.838338
vt 0.013671 0.999572
vt 0.010237 0.997176
vt 0.016581 0.991740
vt 0.565570 0.729993
vt 0.567102 0.721905
vt 0.573851 0.724557
vt 0.569466 0.731524
vt 0.019531 0.482254
vt 0.017859 0.474321
vt 0.026152 0.473165
vt 0.026713 0.481253
vt 0.017859 0.474321
vt 0.017298 0.466233
vt 0.024480 0.465232
vt 0.026152 0.473165
vt 0.017298 0.466233
vt 0.017699 0.458010
vt 0.021846 0.457432
vt 0.024480 0.465232
vt 0.518070 0.832902
vt 0.521504 0.830507
vt 0.524414 0.838338
vt 0.010237 0.997176
vt 0.008396 0.993416
vt 0.016581 0.991740
vt 0.569466 0.731524
vt 0.573851 0.724557
vt 0.579162 0.729495
vt 0.572533 0.734375
vt 0.508443 0.930472
vt 0.509004 0.922384
vt 0.517298 0.923540
vt 0.515626 0.931473
vt 0.509004 0.922384
vt 0.510676 0.914450
vt 0.517859 0.915451
vt 0.517298 0.923540
vt 0.510676 0.914450
vt 0.513311 0.906651
vt 0.517457 0.907229
vt 0.517859 0.915451
vt 0.516229 0.836662
vt 0.518070 0.832902
vt 0.524414 0.838338
vt 0.008396 0.993416
vt 0.008610 0.989235
vt 0.016581 0.991740
vt 0.033063 0.921875
vt 0.031530 0.914062
vt 0.038782 0.914062
vt 0.037250 0.921875
vt 0.520368 0.933456
vt 0.517617 0.925829
vt 0.525671 0.923540
vt 0.527343 0.931473
vt 0.517298 0.923540
vt 0.517859 0.915451
vt 0.525110 0.915451
vt 0.525671 0.923540
vt 0.517859 0.915451
vt 0.517457 0.907229
vt 0.521528 0.906250
vt 0.524909 0.913756
vt 0.516444 0.840843
vt 0.516229 0.836662
vt 0.524414 0.838338
vt 0.008610 0.989235
vt 0.010826 0.985683
vt 0.016581 0.991740
vt 0.008610 0.989235
vt 0.000937 0.986254
vt 0.004775 0.980102
vt 0.010826 0.985683
vt 0.527343 0.931473
vt 0.525671 0.923540
vt 0.533964 0.922384
vt 0.534525 0.930472
vt 0.525671 0.923540
vt 0.525110 0.915451
vt 0.532292 0.914450
vt 0.533964 0.922384
vt 0.508770 0.843824
vt 0.516444 0.840843
vt 0.518660 0.844395
vt 0.512608 0.849977
vt 0.518660 0.844395
vt 0.516444 0.840843
vt 0.524414 0.838338
vt 0.010826 0.985683
vt 0.014487 0.983652
vt 0.016581 0.991740
vt 0.010826 0.985683
vt 0.005562 0.979353
vt 0.011903 0.975836
vt 0.014487 0.983652
vt 0.254537 0.485160
vt 0.255098 0.477071
vt 0.263391 0.478227
vt 0.261719 0.486161
vt 0.255098 0.477071
vt 0.256770 0.469138
vt 0.263952 0.470139
vt 0.263391 0.478227
vt 0.256770 0.469138
vt 0.259404 0.461339
vt 0.263551 0.461916
vt 0.263952 0.470139
vt 0.522321 0.846426
vt 0.518660 0.844395
vt 0.524414 0.838338
vt 0.014487 0.983652
vt 0.018674 0.983652
vt 0.016581 0.991740
vt 0.014487 0.983652
vt 0.012955 0.975563
vt 0.020206 0.975563
vt 0.018674 0.983652
vt 0.266462 0.488143
vt 0.263711 0.480517
vt 0.271765 0.478227
vt 0.273437 0.486161
vt 0.263391 0.478227
vt 0.263952 0.470139
vt 0.271204 0.470139
vt 0.271765 0.478227
vt 0.264153 0.468443
vt 0.267534 0.460938
vt 0.271605 0.461916
vt 0.271204 0.470139
vt 0.526507 0.846426
vt 0.522321 0.846426
vt 0.524414 0.838338
vt 0.495236 0.936777
vt 0.499133 0.938308
vt 0.494226 0.945070
vt 0.495236 0.936777
vt 0.496769 0.928688
vt 0.503518 0.931341
vt 0.499133 0.938308
vt 0.230468 0.497879
vt 0.228796 0.489946
vt 0.237089 0.488790
vt 0.237650 0.496878
vt 0.228796 0.489946
vt 0.228235 0.481858
vt 0.235417 0.480857
vt 0.237089 0.488790
vt 0.228235 0.481858
vt 0.228636 0.473635
vt 0.232783 0.473057
vt 0.235417 0.480857
vt 0.537981 0.649083
vt 0.534320 0.651114
vt 0.532227 0.643026
vt 0.499133 0.938308
vt 0.502199 0.941159
vt 0.495159 0.945657
vt 0.499133 0.938308
vt 0.503518 0.931341
vt 0.508829 0.936278
vt 0.502199 0.941159
vt 0.500631 0.735160
vt 0.501192 0.727071
vt 0.509485 0.728227
vt 0.507813 0.736161
vt 0.501192 0.727071
vt 0.502864 0.719138
vt 0.510046 0.720139
vt 0.509485 0.728227
vt 0.544032 0.654664
vt 0.537981 0.649083
vt 0.540197 0.645531
vt 0.547870 0.648512
vt 0.540197 0.645531
vt 0.537981 0.649083
vt 0.532227 0.643026
vt 0.502199 0.941159
vt 0.503498 0.945139
vt 0.495159 0.945657
vt 0.079938 0.929688
vt 0.078405 0.921875
vt 0.085657 0.921875
vt 0.084125 0.929688
vt 0.512555 0.738143
vt 0.509804 0.730517
vt 0.517859 0.728227
vt 0.519531 0.736161
vt 0.509485 0.728227
vt 0.510046 0.720139
vt 0.517298 0.720139
vt 0.517859 0.728227
vt 0.510247 0.718443
vt 0.513628 0.710938
vt 0.517699 0.711916
vt 0.517298 0.720139
vt 0.540411 0.641349
vt 0.540197 0.645531
vt 0.532227 0.643026
vt 0.503498 0.945139
vt 0.502702 0.949250
vt 0.495159 0.945657
vt 0.542702 0.859375
vt 0.536072 0.854495
vt 0.541383 0.849557
vt 0.545768 0.856524
vt 0.519531 0.736161
vt 0.517859 0.728227
vt 0.526152 0.727071
vt 0.526713 0.735160
vt 0.517859 0.728227
vt 0.517298 0.720139
vt 0.524480 0.719138
vt 0.526152 0.727071
vt 0.517298 0.720139
vt 0.517699 0.711916
vt 0.521846 0.711339
vt 0.524480 0.719138
vt 0.538571 0.637589
vt 0.540411 0.641349
vt 0.532227 0.643026
vt 0.498248 0.951479
vt 0.494398 0.953125
vt 0.493143 0.944865
vt 0.545768 0.856524
vt 0.541383 0.849557
vt 0.548132 0.846905
vt 0.549664 0.854993
vt 0.500631 0.762503
vt 0.501192 0.754415
vt 0.509485 0.755571
vt 0.507813 0.763504
vt 0.501192 0.754415
vt 0.502864 0.746482
vt 0.510046 0.747483
vt 0.509485 0.755571
vt 0.502864 0.746482
vt 0.505498 0.738682
vt 0.509645 0.739260
vt 0.510046 0.747483
vt 0.535137 0.635194
vt 0.538571 0.637589
vt 0.532227 0.643026
vt 0.494398 0.953125
vt 0.490233 0.952697
vt 0.493143 0.944865
vt 0.549664 0.854993
vt 0.548132 0.846905
vt 0.555384 0.846905
vt 0.553851 0.854993
vt 0.512555 0.765487
vt 0.509804 0.757860
vt 0.517859 0.755571
vt 0.519531 0.763504
vt 0.509485 0.755571
vt 0.510046 0.747483
vt 0.517298 0.747483
vt 0.517859 0.755571
vt 0.510247 0.745787
vt 0.513628 0.738281
vt 0.517699 0.739260
vt 0.517298 0.747483
vt 0.530972 0.634766
vt 0.535137 0.635194
vt 0.532227 0.643026
vt 0.490233 0.952697
vt 0.486799 0.950301
vt 0.493143 0.944865
vt 0.553851 0.854993
vt 0.555384 0.846905
vt 0.562133 0.849557
vt 0.557748 0.856524
vt 0.519531 0.763504
vt 0.517859 0.755571
vt 0.526152 0.754415
vt 0.526713 0.762503
vt 0.517859 0.755571
vt 0.517298 0.747483
vt 0.524480 0.746482
vt 0.526152 0.754415
vt 0.517298 0.747483
vt 0.517699 0.739260
vt 0.521846 0.738682
vt 0.524480 0.746482
vt 0.525883 0.637589
vt 0.529316 0.635194
vt 0.532227 0.643026
vt 0.486799 0.950301
vt 0.484958 0.946541
vt 0.493143 0.944865
vt 0.557748 0.856524
vt 0.562133 0.849557
vt 0.567444 0.854495
vt 0.560814 0.859375
vt 0.508443 0.903128
vt 0.509004 0.895040
vt 0.517298 0.896196
vt 0.515626 0.904129
vt 0.509004 0.895040
vt 0.510676 0.887107
vt 0.517859 0.888108
vt 0.517298 0.896196
vt 0.510676 0.887107
vt 0.513311 0.879307
vt 0.517457 0.879885
vt 0.517859 0.888108
vt 0.524042 0.641349
vt 0.525883 0.637589
vt 0.532227 0.643026
vt 0.484958 0.946541
vt 0.485173 0.942360
vt 0.493143 0.944865
vt 0.079938 0.921875
vt 0.078405 0.914062
vt 0.085657 0.914062
vt 0.084125 0.921875
vt 0.520368 0.906112
vt 0.517617 0.898485
vt 0.525671 0.896196
vt 0.527343 0.904129
vt 0.517298 0.896196
vt 0.517859 0.888108
vt 0.525110 0.888108
vt 0.525671 0.896196
vt 0.517859 0.888108
vt 0.517457 0.879885
vt 0.521528 0.878906
vt 0.524909 0.886412
vt 0.524256 0.645531
vt 0.524042 0.641349
vt 0.532227 0.643026
vt 0.485173 0.942360
vt 0.487389 0.938808
vt 0.493143 0.944865
vt 0.485173 0.942360
vt 0.477499 0.939379
vt 0.481337 0.933227
vt 0.487389 0.938808
vt 0.527343 0.904129
vt 0.525671 0.896196
vt 0.533964 0.895040
vt 0.534525 0.903128
vt 0.525671 0.896196
vt 0.525110 0.888108
vt 0.532292 0.887107
vt 0.533964 0.895040
vt 0.516583 0.648512
vt 0.524256 0.645531
vt 0.526472 0.649083
vt 0.520421 0.654664
vt 0.526472 0.649083
vt 0.524256 0.645531
vt 0.532227 0.643026
vt 0.487389 0.938808
vt 0.491050 0.936777
vt 0.493143 0.944865
vt 0.487389 0.938808
vt 0.482125 0.932478
vt 0.488466 0.928961
vt 0.491050 0.936777
vt 0.211568 0.496878
vt 0.212129 0.488790
vt 0.220423 0.489946
vt 0.218751 0.497879
vt 0.212129 0.488790
vt 0.213801 0.480857
vt 0.220984 0.481858
vt 0.220423 0.489946
vt 0.213801 0.480857
vt 0.216436 0.473057
vt 0.220582 0.473635
vt 0.220984 0.481858
vt 0.530133 0.651114
vt 0.526472 0.649083
vt 0.532227 0.643026
vt 0.491050 0.936777
vt 0.495236 0.936777
vt 0.493143 0.944865
vt 0.491050 0.936777
vt 0.489517 0.928688
vt 0.496769 0.928688
vt 0.495236 0.936777
vt 0.223493 0.499862
vt 0.220742 0.492235
vt 0.228796 0.489946
vt 0.230468 0.497879
vt 0.220423 0.489946
vt 0.220984 0.481858
vt 0.228235 0.481858
vt 0.228796 0.489946
vt 0.221185 0.480162
vt 0.224566 0.472656
vt 0.228636 0.473635
vt 0.228235 0.481858
vt 0.534320 0.651114
vt 0.530133 0.651114
vt 0.532227 0.643026
vt 0.218750 0.460938
vt 0.195312 0.460938
vt 0.195312 0.437500
vt 0.218750 0.437500
vt 0.261719 0.437500
vt 0.261719 0.460938
vt 0.238281 0.460938
vt 0.238281 0.437500
vt 0.000000 0.570312
vt 0.015625 0.570312
vt 0.015625 0.593750
vt 0.000000 0.593750
vt 0.371094 0.570312
vt 0.371094 0.593750
vt 0.355469 0.593750
vt 0.355469 0.570312
vt 0.300781 0.519531
vt 0.300781 0.542969
vt 0.285156 0.542969
vt 0.285156 0.519531
vt 0.332031 0.515625
vt 0.316406 0.515625
vt 0.316406 0.492188
vt 0.332031 0.492188
vt 0.324219 0.464844
vt 0.300781 0.464844
vt 0.300781 0.441406
vt 0.324219 0.441406
vt 0.347656 0.441406
vt 0.347656 0.464844
vt 0.324219 0.464844
vt 0.324219 0.441406
vt 0.000000 0.875000
vt 0.015625 0.875000
vt 0.015625 0.898438
vt 0.000000 0.898438
vt 0.015625 0.777344
vt 0.015625 0.800781
vt 0.000000 0.800781
vt 0.000000 0.777344
vt 0.371094 0.718750
vt 0.371094 0.742188
vt 0.355469 0.742188
vt 0.355469 0.718750
vt 0.402344 0.765625
vt 0.386719 0.765625
vt 0.386719 0.742188
vt 0.402344 0.742188
vt 0.023438 0.457031
vt 0.000000 0.457031
vt 0.000000 0.433594
vt 0.023438 0.433594
vt 0.414062 0.433594
vt 0.414062 0.457031
vt 0.390625 0.457031
vt 0.390625 0.433594
vt 0.445312 0.886719
vt 0.453125 0.886719
vt 0.453125 0.910156
vt 0.445312 0.910156
vt 0.386719 0.515625
vt 0.386719 0.539062
vt 0.378906 0.539062
vt 0.378906 0.515625
vt 0.253906 0.460938
vt 0.253906 0.484375
vt 0.246094 0.484375
vt 0.246094 0.460938
vt 0.554688 0.707031
vt 0.546875 0.707031
vt 0.546875 0.683594
vt 0.554688 0.683594
vt 0.390625 0.464844
vt 0.367188 0.464844
vt 0.367188 0.441406
vt 0.390625 0.441406
vt 0.558594 0.578125
vt 0.558594 0.601562
vt 0.535156 0.601562
vt 0.535156 0.578125
vt 0.144531 0.769531
vt 0.152344 0.769531
vt 0.152344 0.792969
vt 0.144531 0.792969
vt 0.070312 0.750000
vt 0.070312 0.773438
vt 0.062500 0.773438
vt 0.062500 0.750000
vt 0.148438 0.667969
vt 0.148438 0.691406
vt 0.140625 0.691406
vt 0.140625 0.667969
vt 0.328125 0.988281
vt 0.320312 0.988281
vt 0.320312 0.964844
vt 0.328125 0.964844
vt 0.164062 0.628906
vt 0.156250 0.628906
vt 0.156250 0.605469
vt 0.164062 0.605469
vt 0.429688 0.578125
vt 0.429688 0.601562
vt 0.421875 0.601562
vt 0.421875 0.578125
vt 0.000000 0.949219
vt 0.007812 0.949219
vt 0.007812 0.957031
vt 0.000000 0.957031
vt 0.066406 0.992188
vt 0.066406 1.000000
vt 0.058594 1.000000
vt 0.058594 0.992188
vt 0.402344 0.546875
vt 0.402344 0.570312
vt 0.394531 0.570312
vt 0.394531 0.546875
vt 0.132812 0.562500
vt 0.125000 0.562500
vt 0.125000 0.539062
vt 0.132812 0.539062
vt 0.554688 0.566406
vt 0.546875 0.566406
vt 0.546875 0.542969
vt 0.554688 0.542969
vt 0.554688 0.519531
vt 0.554688 0.542969
vt 0.546875 0.542969
vt 0.546875 0.519531
vt 0.070312 0.976562
vt 0.078125 0.976562
vt 0.078125 0.984375
vt 0.070312 0.984375
vt 0.039062 0.921875
vt 0.039062 0.929688
vt 0.031250 0.929688
vt 0.031250 0.921875
vt 0.554688 0.496094
vt 0.554688 0.519531
vt 0.546875 0.519531
vt 0.546875 0.496094
vt 0.156250 0.449219
vt 0.148438 0.449219
vt 0.148438 0.425781
vt 0.156250 0.425781
vt 0.156250 0.503906
vt 0.125000 0.503906
vt 0.125000 0.480469
vt 0.156250 0.480469
vt 0.187500 0.480469
vt 0.187500 0.503906
vt 0.156250 0.503906
vt 0.156250 0.480469
vt 0.230469 0.597656
vt 0.253906 0.597656
vt 0.253906 0.628906
vt 0.230469 0.628906
vt 0.523438 0.968750
vt 0.523438 1.000000
vt 0.500000 1.000000
vt 0.500000 0.968750
vt 0.570312 0.976562
vt 0.570312 1.000000
vt 0.546875 1.000000
vt 0.546875 0.976562
vt 0.046875 0.453125
vt 0.023438 0.453125
vt 0.023438 0.429688
vt 0.046875 0.429688
vt 0.093750 0.500000
vt 0.062500 0.500000
vt 0.062500 0.476562
vt 0.093750 0.476562
vt 0.125000 0.476562
vt 0.125000 0.500000
vt 0.093750 0.500000
vt 0.093750 0.476562
vt 0.187500 0.468750
vt 0.210938 0.468750
vt 0.210938 0.500000
vt 0.187500 0.500000
vt 0.523438 0.765625
vt 0.523438 0.796875
vt 0.500000 0.796875
vt 0.500000 0.765625
vt 0.570312 0.953125
vt 0.570312 0.976562
vt 0.546875 0.976562
vt 0.546875 0.953125
vt 0.148438 0.453125
vt 0.125000 0.453125
vt 0.125000 0.429688
vt 0.148438 0.429688
vt 0.142438 0.865094
vt 0.138812 0.867188
vt 0.136719 0.859375
vt 0.102679 0.500000
vt 0.106866 0.500000
vt 0.106866 0.531250
vt 0.102679 0.531250
vt 0.107562 0.835938
vt 0.111188 0.838031
vt 0.105469 0.843750
vt 0.144531 0.861468
vt 0.142438 0.865094
vt 0.136719 0.859375
vt 0.277900 0.812500
vt 0.282086 0.812500
vt 0.282086 0.843750
vt 0.277900 0.843750
vt 0.111188 0.838031
vt 0.113281 0.841657
vt 0.105469 0.843750
vt 0.144531 0.857282
vt 0.144531 0.861468
vt 0.136719 0.859375
vt 0.282086 0.812500
vt 0.286273 0.812500
vt 0.286273 0.843750
vt 0.282086 0.843750
vt 0.113281 0.841657
vt 0.113281 0.845843
vt 0.105469 0.843750
vt 0.142438 0.853656
vt 0.144531 0.857282
vt 0.136719 0.859375
vt 0.286273 0.812500
vt 0.290460 0.812500
vt 0.290460 0.843750
vt 0.286273 0.843750
vt 0.113281 0.845843
vt 0.111188 0.849469
vt 0.105469 0.843750
vt 0.138812 0.851562
vt 0.142438 0.853656
vt 0.136719 0.859375
vt 0.348212 0.425781
vt 0.352399 0.425781
vt 0.352399 0.457031
vt 0.348212 0.457031
vt 0.111188 0.849469
vt 0.107562 0.851562
vt 0.105469 0.843750
vt 0.134625 0.851562
vt 0.138812 0.851562
vt 0.136719 0.859375
vt 0.352399 0.425781
vt 0.356586 0.425781
vt 0.356586 0.457031
vt 0.352399 0.457031
vt 0.107562 0.851562
vt 0.103375 0.851562
vt 0.105469 0.843750
vt 0.131000 0.853656
vt 0.134625 0.851562
vt 0.136719 0.859375
vt 0.356586 0.425781
vt 0.360772 0.425781
vt 0.360772 0.457031
vt 0.356586 0.457031
vt 0.103375 0.851562
vt 0.099750 0.849469
vt 0.105469 0.843750
vt 0.128906 0.857282
vt 0.131000 0.853656
vt 0.136719 0.859375
vt 0.262275 0.429688
vt 0.266461 0.429688
vt 0.266461 0.460938
vt 0.262275 0.460938
vt 0.099750 0.849469
vt 0.097656 0.845843
vt 0.105469 0.843750
vt 0.128906 0.861468
vt 0.128906 0.857282
vt 0.136719 0.859375
vt 0.266461 0.429688
vt 0.270648 0.429688
vt 0.270648 0.460938
vt 0.266461 0.460938
vt 0.097656 0.845843
vt 0.097656 0.841657
vt 0.105469 0.843750
vt 0.131000 0.865094
vt 0.128906 0.861468
vt 0.136719 0.859375
vt 0.270648 0.429688
vt 0.274835 0.429688
vt 0.274835 0.460938
vt 0.270648 0.460938
vt 0.097656 0.841657
vt 0.099750 0.838031
vt 0.105469 0.843750
vt 0.134625 0.867188
vt 0.131000 0.865094
vt 0.136719 0.859375
vt 0.094306 0.500000
vt 0.098493 0.500000
vt 0.098493 0.531250
vt 0.094306 0.531250
vt 0.099750 0.838031
vt 0.103375 0.835938
vt 0.105469 0.843750
vt 0.138812 0.867188
vt 0.134625 0.867188
vt 0.136719 0.859375
vt 0.098493 0.500000
vt 0.102679 0.500000
vt 0.102679 0.531250
vt 0.098493 0.531250
vt 0.103375 0.835938
vt 0.107562 0.835938
vt 0.105469 0.843750
vt 0.324219 0.761719
vt 0.285156 0.761719
vt 0.285156 0.699219
vt 0.324219 0.699219
vt 0.332031 0.781250
vt 0.332031 0.843750
vt 0.292969 0.843750
vt 0.292969 0.781250
vt 0.285156 0.542969
vt 0.316406 0.542969
vt 0.316406 0.582031
vt 0.285156 0.582031
vt 0.453125 0.601562
vt 0.453125 0.640625
vt 0.421875 0.640625
vt 0.421875 0.601562
vt 0.363281 0.828125
vt 0.363281 0.890625
vt 0.332031 0.890625
vt 0.332031 0.828125
vt 0.199219 0.667969
vt 0.167969 0.667969
vt 0.167969 0.605469
vt 0.199219 0.605469
vt 0.121094 0.738281
vt 0.082031 0.738281
vt 0.082031 0.675781
vt 0.121094 0.675781
vt 0.316406 0.843750
vt 0.316406 0.906250
vt 0.277344 0.906250
vt 0.277344 0.843750
vt 0.000000 0.800781
vt 0.031250 0.800781
vt 0.031250 0.839844
vt 0.000000 0.839844
vt 0.285156 0.542969
vt 0.285156 0.582031
vt 0.253906 0.582031
vt 0.253906 0.542969
vt 0.031250 0.656250
vt 0.031250 0.718750
vt 0.000000 0.718750
vt 0.000000 0.656250
vt 0.308594 0.699219
vt 0.277344 0.699219
vt 0.277344 0.636719
vt 0.308594 0.636719
vt 0.495236 0.909433
vt 0.499133 0.910964
vt 0.494226 0.917726
vt 0.495236 0.909433
vt 0.496769 0.901345
vt 0.503518 0.903997
vt 0.499133 0.910964
vt 0.425781 0.482254
vt 0.424109 0.474321
vt 0.432402 0.473165
vt 0.432963 0.481253
vt 0.424109 0.474321
vt 0.423548 0.466233
vt 0.430730 0.465232
vt 0.432402 0.473165
vt 0.423548 0.466233
vt 0.423949 0.458010
vt 0.428096 0.457432
vt 0.430730 0.465232
vt 0.541887 0.570958
vt 0.538226 0.572989
vt 0.536133 0.564901
vt 0.499133 0.910964
vt 0.502199 0.913815
vt 0.495159 0.918314
vt 0.499133 0.910964
vt 0.503518 0.903997
vt 0.508829 0.908935
vt 0.502199 0.913815
vt 0.125631 0.477347
vt 0.126192 0.469259
vt 0.134485 0.470415
vt 0.132813 0.478348
vt 0.126192 0.469259
vt 0.127864 0.461325
vt 0.135046 0.462326
vt 0.134485 0.470415
vt 0.547939 0.576539
vt 0.541887 0.570958
vt 0.544103 0.567406
vt 0.551777 0.570387
vt 0.544103 0.567406
vt 0.541887 0.570958
vt 0.536133 0.564901
vt 0.502199 0.913815
vt 0.503498 0.917795
vt 0.495159 0.918314
vt 0.087750 0.929688
vt 0.086218 0.921875
vt 0.093470 0.921875
vt 0.091937 0.929688
vt 0.137555 0.480331
vt 0.134804 0.472704
vt 0.142859 0.470415
vt 0.144531 0.478348
vt 0.134485 0.470415
vt 0.135046 0.462326
vt 0.142298 0.462326
vt 0.142859 0.470415
vt 0.135247 0.460631
vt 0.138628 0.453125
vt 0.142699 0.454104
vt 0.142298 0.462326
vt 0.544318 0.563224
vt 0.544103 0.567406
vt 0.536133 0.564901
vt 0.503498 0.917795
vt 0.502702 0.921906
vt 0.495159 0.918314
vt 0.554420 0.718750
vt 0.547791 0.713870
vt 0.553102 0.708932
vt 0.557487 0.715899
vt 0.144531 0.478348
vt 0.142859 0.470415
vt 0.151152 0.469259
vt 0.151713 0.477347
vt 0.142859 0.470415
vt 0.142298 0.462326
vt 0.149480 0.461325
vt 0.151152 0.469259
vt 0.142298 0.462326
vt 0.142699 0.454104
vt 0.146846 0.453526
vt 0.149480 0.461325
vt 0.542477 0.559464
vt 0.544318 0.563224
vt 0.536133 0.564901
vt 0.498248 0.924135
vt 0.494398 0.925781
vt 0.493143 0.917521
vt 0.557487 0.715899
vt 0.553102 0.708932
vt 0.559851 0.706280
vt 0.561383 0.714368
vt 0.027975 0.477347
vt 0.028536 0.469259
vt 0.036829 0.470415
vt 0.035157 0.478348
vt 0.028536 0.469259
vt 0.030208 0.461325
vt 0.037390 0.462326
vt 0.036829 0.470415
vt 0.030208 0.461325
vt 0.032842 0.453526
vt 0.036989 0.454104
vt 0.037390 0.462326
vt 0.539043 0.557069
vt 0.542477 0.559464
vt 0.536133 0.564901
vt 0.494398 0.925781
vt 0.490233 0.925353
vt 0.493143 0.917521
vt 0.561383 0.714368
vt 0.559851 0.706280
vt 0.567102 0.706280
vt 0.565570 0.714368
vt 0.039899 0.480331
vt 0.037148 0.472704
vt 0.045202 0.470415
vt 0.046874 0.478348
vt 0.036829 0.470415
vt 0.037390 0.462326
vt 0.044641 0.462326
vt 0.045202 0.470415
vt 0.037591 0.460631
vt 0.040972 0.453125
vt 0.045043 0.454104
vt 0.044641 0.462326
vt 0.534878 0.556641
vt 0.539043 0.557069
vt 0.536133 0.564901
vt 0.490233 0.925353
vt 0.486799 0.922958
vt 0.493143 0.917521
vt 0.565570 0.714368
vt 0.567102 0.706280
vt 0.573851 0.708932
vt 0.569466 0.715899
vt 0.046874 0.478348
vt 0.045202 0.470415
vt 0.053496 0.469259
vt 0.054057 0.477347
vt 0.045202 0.470415
vt 0.044641 0.462326
vt 0.051824 0.461325
vt 0.053496 0.469259
vt 0.044641 0.462326
vt 0.045043 0.454104
vt 0.049189 0.453526
vt 0.051824 0.461325
vt 0.529789 0.559464
vt 0.533223 0.557069
vt 0.536133 0.564901
vt 0.486799 0.922958
vt 0.484958 0.919197
vt 0.493143 0.917521
vt 0.569466 0.715899
vt 0.573851 0.708932
vt 0.579162 0.713870
vt 0.572533 0.718750
vt 0.508443 0.875785
vt 0.509004 0.867696
vt 0.517298 0.868852
vt 0.515626 0.876786
vt 0.509004 0.867696
vt 0.510676 0.859763
vt 0.517859 0.860764
vt 0.517298 0.868852
vt 0.510676 0.859763
vt 0.513311 0.851964
vt 0.517457 0.852541
vt 0.517859 0.860764
vt 0.527948 0.563224
vt 0.529789 0.559464
vt 0.536133 0.564901
vt 0.484958 0.919197
vt 0.485173 0.915016
vt 0.493143 0.917521
vt 0.095563 0.953125
vt 0.094030 0.945312
vt 0.101282 0.945312
vt 0.099750 0.953125
vt 0.520368 0.878768
vt 0.517617 0.871142
vt 0.525671 0.868852
vt 0.527343 0.876786
vt 0.517298 0.868852
vt 0.517859 0.860764
vt 0.525110 0.860764
vt 0.525671 0.868852
vt 0.517859 0.860764
vt 0.517457 0.852541
vt 0.521528 0.851562
vt 0.524909 0.859068
vt 0.528162 0.567406
vt 0.527948 0.563224
vt 0.536133 0.564901
vt 0.485173 0.915016
vt 0.487389 0.911464
vt 0.493143 0.917521
vt 0.485173 0.915016
vt 0.477499 0.912035
vt 0.481337 0.905883
vt 0.487389 0.911464
vt 0.527343 0.876786
vt 0.525671 0.868852
vt 0.533964 0.867696
vt 0.534525 0.875785
vt 0.525671 0.868852
vt 0.525110 0.860764
vt 0.532292 0.859763
vt 0.533964 0.867696
vt 0.520489 0.570387
vt 0.528162 0.567406
vt 0.530378 0.570958
vt 0.524327 0.576539
vt 0.530378 0.570958
vt 0.528162 0.567406
vt 0.536133 0.564901
vt 0.487389 0.911464
vt 0.491050 0.909433
vt 0.493143 0.917521
vt 0.487389 0.911464
vt 0.482125 0.905135
vt 0.488466 0.901617
vt 0.491050 0.909433
vt 0.406881 0.481253
vt 0.407442 0.473165
vt 0.415735 0.474321
vt 0.414063 0.482254
vt 0.407442 0.473165
vt 0.409114 0.465232
vt 0.416296 0.466233
vt 0.415735 0.474321
vt 0.409114 0.465232
vt 0.411748 0.457432
vt 0.415895 0.458010
vt 0.416296 0.466233
vt 0.534039 0.572989
vt 0.530378 0.570958
vt 0.536133 0.564901
vt 0.491050 0.909433
vt 0.495236 0.909433
vt 0.493143 0.917521
vt 0.491050 0.909433
vt 0.489517 0.901345
vt 0.496769 0.901345
vt 0.495236 0.909433
vt 0.418805 0.484237
vt 0.416054 0.476610
vt 0.424109 0.474321
vt 0.425781 0.482254
vt 0.415735 0.474321
vt 0.416296 0.466233
vt 0.423548 0.466233
vt 0.424109 0.474321
vt 0.416497 0.464537
vt 0.419878 0.457031
vt 0.423949 0.458010
vt 0.423548 0.466233
vt 0.538226 0.572989
vt 0.534039 0.572989
vt 0.536133 0.564901
vt 0.495236 0.831308
vt 0.499133 0.832839
vt 0.494226 0.839601
vt 0.495236 0.831308
vt 0.496769 0.823220
vt 0.503518 0.825872
vt 0.499133 0.832839
vt 0.519531 0.529129
vt 0.517859 0.521196
vt 0.526152 0.520040
vt 0.526713 0.528128
vt 0.517859 0.521196
vt 0.517298 0.513108
vt 0.524480 0.512107
vt 0.526152 0.520040
vt 0.517298 0.513108
vt 0.517699 0.504885
vt 0.521846 0.504307
vt 0.524480 0.512107
vt 0.233293 0.465489
vt 0.229632 0.467520
vt 0.227539 0.459432
vt 0.499133 0.832839
vt 0.502199 0.835690
vt 0.495159 0.840189
vt 0.499133 0.832839
vt 0.503518 0.825872
vt 0.508829 0.830810
vt 0.502199 0.835690
vt 0.285787 0.492972
vt 0.286348 0.484884
vt 0.294641 0.486040
vt 0.292969 0.493973
vt 0.286348 0.484884
vt 0.288020 0.476950
vt 0.295202 0.477951
vt 0.294641 0.486040
vt 0.239345 0.471070
vt 0.233293 0.465489
vt 0.235509 0.461937
vt 0.243183 0.464918
vt 0.235509 0.461937
vt 0.233293 0.465489
vt 0.227539 0.459432
vt 0.502199 0.835690
vt 0.503498 0.839670
vt 0.495159 0.840189
vt 0.060407 0.890625
vt 0.058874 0.882812
vt 0.066126 0.882812
vt 0.064593 0.890625
vt 0.297712 0.495956
vt 0.294961 0.488329
vt 0.303015 0.486040
vt 0.304687 0.493973
vt 0.294641 0.486040
vt 0.295202 0.477951
vt 0.302454 0.477951
vt 0.303015 0.486040
vt 0.295403 0.476256
vt 0.298784 0.468750
vt 0.302855 0.469729
vt 0.302454 0.477951
vt 0.235724 0.457756
vt 0.235509 0.461937
vt 0.227539 0.459432
vt 0.503498 0.839670
vt 0.502702 0.843781
vt 0.495159 0.840189
vt 0.550514 0.644531
vt 0.543885 0.639651
vt 0.549196 0.634713
vt 0.553580 0.641681
vt 0.304687 0.493973
vt 0.303015 0.486040
vt 0.311308 0.484884
vt 0.311869 0.492972
vt 0.303015 0.486040
vt 0.302454 0.477951
vt 0.309636 0.476950
vt 0.311308 0.484884
vt 0.302454 0.477951
vt 0.302855 0.469729
vt 0.307002 0.469151
vt 0.309636 0.476950
vt 0.233883 0.453995
vt 0.235724 0.457756
vt 0.227539 0.459432
vt 0.498248 0.846010
vt 0.494398 0.847656
vt 0.493143 0.839396
vt 0.553580 0.641681
vt 0.549196 0.634713
vt 0.555945 0.632061
vt 0.557477 0.640149
vt 0.500631 0.500785
vt 0.501192 0.492696
vt 0.509485 0.493852
vt 0.507813 0.501786
vt 0.501192 0.492696
vt 0.502864 0.484763
vt 0.510046 0.485764
vt 0.509485 0.493852
vt 0.502864 0.484763
vt 0.505498 0.476964
vt 0.509645 0.477541
vt 0.510046 0.485764
vt 0.230449 0.451600
vt 0.233883 0.453995
vt 0.227539 0.459432
vt 0.494398 0.847656
vt 0.490233 0.847228
vt 0.493143 0.839396
vt 0.557477 0.640149
vt 0.555945 0.632061
vt 0.563196 0.632061
vt 0.561664 0.640149
vt 0.512555 0.503768
vt 0.509804 0.496142
vt 0.517859 0.493852
vt 0.519531 0.501786
vt 0.509485 0.493852
vt 0.510046 0.485764
vt 0.517298 0.485764
vt 0.517859 0.493852
vt 0.510247 0.484068
vt 0.513628 0.476562
vt 0.517699 0.477541
vt 0.517298 0.485764
vt 0.226284 0.451172
vt 0.230449 0.451600
vt 0.227539 0.459432
vt 0.490233 0.847228
vt 0.486799 0.844833
vt 0.493143 0.839396
vt 0.561664 0.640149
vt 0.563196 0.632061
vt 0.569945 0.634713
vt 0.565560 0.641681
vt 0.519531 0.501786
vt 0.517859 0.493852
vt 0.526152 0.492696
vt 0.526713 0.500785
vt 0.517859 0.493852
vt 0.517298 0.485764
vt 0.524480 0.484763
vt 0.526152 0.492696
vt 0.517298 0.485764
vt 0.517699 0.477541
vt 0.521846 0.476964
vt 0.524480 0.484763
vt 0.221195 0.453995
vt 0.224629 0.451600
vt 0.227539 0.459432
vt 0.486799 0.844833
vt 0.484958 0.841072
vt 0.493143 0.839396
vt 0.565560 0.641681
vt 0.569945 0.634713
vt 0.575256 0.639651
vt 0.568627 0.644531
vt 0.313131 0.489066
vt 0.313692 0.480977
vt 0.321985 0.482133
vt 0.320313 0.490067
vt 0.313692 0.480977
vt 0.315364 0.473044
vt 0.322546 0.474045
vt 0.321985 0.482133
vt 0.315364 0.473044
vt 0.317998 0.465245
vt 0.322145 0.465823
vt 0.322546 0.474045
vt 0.219354 0.457756
vt 0.221195 0.453995
vt 0.227539 0.459432
vt 0.484958 0.841072
vt 0.485173 0.836891
vt 0.493143 0.839396
vt 0.119000 0.937500
vt 0.117468 0.929688
vt 0.124720 0.929688
vt 0.123187 0.937500
vt 0.325055 0.492050
vt 0.322304 0.484423
vt 0.330359 0.482133
vt 0.332031 0.490067
vt 0.321985 0.482133
vt 0.322546 0.474045
vt 0.329798 0.474045
vt 0.330359 0.482133
vt 0.322546 0.474045
vt 0.322145 0.465823
vt 0.326216 0.464844
vt 0.329597 0.472350
vt 0.219569 0.461937
vt 0.219354 0.457756
vt 0.227539 0.459432
vt 0.485173 0.836891
vt 0.487389 0.833339
vt 0.493143 0.839396
vt 0.485173 0.836891
vt 0.477499 0.833910
vt 0.481337 0.827758
vt 0.487389 0.833339
vt 0.332031 0.490067
vt 0.330359 0.482133
vt 0.338652 0.480977
vt 0.339213 0.489066
vt 0.330359 0.482133
vt 0.329798 0.474045
vt 0.336980 0.473044
vt 0.338652 0.480977
vt 0.211895 0.464918
vt 0.219569 0.461937
vt 0.221785 0.465489
vt 0.215733 0.471070
vt 0.221785 0.465489
vt 0.219569 0.461937
vt 0.227539 0.459432
vt 0.487389 0.833339
vt 0.491050 0.831308
vt 0.493143 0.839396
vt 0.487389 0.833339
vt 0.482125 0.827010
vt 0.488466 0.823492
vt 0.491050 0.831308
vt 0.500631 0.528128
vt 0.501192 0.520040
vt 0.509485 0.521196
vt 0.507813 0.529129
vt 0.501192 0.520040
vt 0.502864 0.512107
vt 0.510046 0.513108
vt 0.509485 0.521196
vt 0.502864 0.512107
vt 0.505498 0.504307
vt 0.509645 0.504885
vt 0.510046 0.513108
vt 0.225446 0.467520
vt 0.221785 0.465489
vt 0.227539 0.459432
vt 0.491050 0.831308
vt 0.495236 0.831308
vt 0.493143 0.839396
vt 0.491050 0.831308
vt 0.489517 0.823220
vt 0.496769 0.823220
vt 0.495236 0.831308
vt 0.512555 0.531112
vt 0.509804 0.523485
vt 0.517859 0.521196
vt 0.519531 0.529129
vt 0.509485 0.521196
vt 0.510046 0.513108
vt 0.517298 0.513108
vt 0.517859 0.521196
vt 0.510247 0.511412
vt 0.513628 0.503906
vt 0.517699 0.504885
vt 0.517298 0.513108
vt 0.229632 0.467520
vt 0.225446 0.467520
vt 0.227539 0.459432
vt 0.125000 0.664062
vt 0.093750 0.664062
vt 0.093750 0.601562
vt 0.125000 0.601562
vt 0.371094 0.656250
vt 0.371094 0.718750
vt 0.339844 0.718750
vt 0.339844 0.656250
vt 0.468750 0.527344
vt 0.500000 0.527344
vt 0.500000 0.558594
vt 0.468750 0.558594
vt 0.503906 0.593750
vt 0.503906 0.625000
vt 0.472656 0.625000
vt 0.472656 0.593750
vt 0.031250 0.593750
vt 0.031250 0.656250
vt 0.000000 0.656250
vt 0.000000 0.593750
vt 0.156250 0.656250
vt 0.125000 0.656250
vt 0.125000 0.593750
vt 0.156250 0.593750
vt 0.253906 0.691406
vt 0.222656 0.691406
vt 0.222656 0.628906
vt 0.253906 0.628906
vt 0.339844 0.636719
vt 0.339844 0.699219
vt 0.308594 0.699219
vt 0.308594 0.636719
vt 0.468750 0.718750
vt 0.500000 0.718750
vt 0.500000 0.750000
vt 0.468750 0.750000
vt 0.500000 0.687500
vt 0.500000 0.718750
vt 0.468750 0.718750
vt 0.468750 0.687500
vt 0.347656 0.890625
vt 0.347656 0.953125
vt 0.316406 0.953125
vt 0.316406 0.890625
vt 0.062500 0.679688
vt 0.031250 0.679688
vt 0.031250 0.617188
vt 0.062500 0.617188
vt 0.495236 0.882089
vt 0.499133 0.883621
vt 0.494226 0.890383
vt 0.495236 0.882089
vt 0.496769 0.874001
vt 0.503518 0.876653
vt 0.499133 0.883621
vt 0.519531 0.708817
vt 0.517859 0.700883
vt 0.526152 0.699728
vt 0.526713 0.707816
vt 0.517859 0.700883
vt 0.517298 0.692795
vt 0.524480 0.691794
vt 0.526152 0.699728
vt 0.517298 0.692795
vt 0.517699 0.684573
vt 0.521846 0.683995
vt 0.524480 0.691794
vt 0.549700 0.945958
vt 0.546039 0.947989
vt 0.543945 0.939901
vt 0.499133 0.883621
vt 0.502199 0.886471
vt 0.495159 0.890970
vt 0.499133 0.883621
vt 0.503518 0.876653
vt 0.508829 0.881591
vt 0.502199 0.886471
vt 0.500631 0.555472
vt 0.501192 0.547384
vt 0.509485 0.548540
vt 0.507813 0.556473
vt 0.501192 0.547384
vt 0.502864 0.539450
vt 0.510046 0.540451
vt 0.509485 0.548540
vt 0.555751 0.951539
vt 0.549700 0.945958
vt 0.551916 0.942406
vt 0.559589 0.945387
vt 0.551916 0.942406
vt 0.549700 0.945958
vt 0.543945 0.939901
vt 0.502199 0.886471
vt 0.503498 0.890452
vt 0.495159 0.890970
vt 0.017438 0.898438
vt 0.015905 0.890625
vt 0.023157 0.890625
vt 0.021625 0.898438
vt 0.512555 0.558456
vt 0.509804 0.550829
vt 0.517859 0.548540
vt 0.519531 0.556473
vt 0.509485 0.548540
vt 0.510046 0.540451
vt 0.517298 0.540451
vt 0.517859 0.548540
vt 0.510247 0.538756
vt 0.513628 0.531250
vt 0.517699 0.532229
vt 0.517298 0.540451
vt 0.552130 0.938224
vt 0.551916 0.942406
vt 0.543945 0.939901
vt 0.503498 0.890452
vt 0.502702 0.894562
vt 0.495159 0.890970
vt 0.546608 0.816406
vt 0.539978 0.811526
vt 0.545289 0.806588
vt 0.549674 0.813556
vt 0.519531 0.556473
vt 0.517859 0.548540
vt 0.526152 0.547384
vt 0.526713 0.555472
vt 0.517859 0.548540
vt 0.517298 0.540451
vt 0.524480 0.539450
vt 0.526152 0.547384
vt 0.517298 0.540451
vt 0.517699 0.532229
vt 0.521846 0.531651
vt 0.524480 0.539450
vt 0.550289 0.934464
vt 0.552130 0.938224
vt 0.543945 0.939901
vt 0.498248 0.896792
vt 0.494398 0.898438
vt 0.493143 0.890177
vt 0.549674 0.813556
vt 0.545289 0.806588
vt 0.552038 0.803936
vt 0.553571 0.812024
vt 0.500631 0.680472
vt 0.501192 0.672384
vt 0.509485 0.673540
vt 0.507813 0.681473
vt 0.501192 0.672384
vt 0.502864 0.664450
vt 0.510046 0.665451
vt 0.509485 0.673540
vt 0.502864 0.664450
vt 0.505498 0.656651
vt 0.509645 0.657229
vt 0.510046 0.665451
vt 0.546855 0.932069
vt 0.550289 0.934464
vt 0.543945 0.939901
vt 0.494398 0.898438
vt 0.490233 0.898009
vt 0.493143 0.890177
vt 0.553571 0.812024
vt 0.552038 0.803936
vt 0.559290 0.803936
vt 0.557757 0.812024
vt 0.512555 0.683456
vt 0.509804 0.675829
vt 0.517859 0.673540
vt 0.519531 0.681473
vt 0.509485 0.673540
vt 0.510046 0.665451
vt 0.517298 0.665451
vt 0.517859 0.673540
vt 0.510247 0.663756
vt 0.513628 0.656250
vt 0.517699 0.657229
vt 0.517298 0.665451
vt 0.542691 0.931641
vt 0.546855 0.932069
vt 0.543945 0.939901
vt 0.490233 0.898009
vt 0.486799 0.895614
vt 0.493143 0.890177
vt 0.557757 0.812024
vt 0.559290 0.803936
vt 0.566039 0.806588
vt 0.561654 0.813556
vt 0.519531 0.681473
vt 0.517859 0.673540
vt 0.526152 0.672384
vt 0.526713 0.680472
vt 0.517859 0.673540
vt 0.517298 0.665451
vt 0.524480 0.664450
vt 0.526152 0.672384
vt 0.517298 0.665451
vt 0.517699 0.657229
vt 0.521846 0.656651
vt 0.524480 0.664450
vt 0.537601 0.934464
vt 0.541035 0.932069
vt 0.543945 0.939901
vt 0.486799 0.895614
vt 0.484958 0.891854
vt 0.493143 0.890177
vt 0.561654 0.813556
vt 0.566039 0.806588
vt 0.571350 0.811526
vt 0.564720 0.816406
vt 0.508443 0.825003
vt 0.509004 0.816915
vt 0.517298 0.818071
vt 0.515626 0.826004
vt 0.509004 0.816915
vt 0.510676 0.808982
vt 0.517859 0.809983
vt 0.517298 0.818071
vt 0.510676 0.808982
vt 0.513311 0.801182
vt 0.517457 0.801760
vt 0.517859 0.809983
vt 0.535760 0.938224
vt 0.537601 0.934464
vt 0.543945 0.939901
vt 0.484958 0.891854
vt 0.485173 0.887672
vt 0.493143 0.890177
vt 0.060407 0.898438
vt 0.058874 0.890625
vt 0.066126 0.890625
vt 0.064593 0.898438
vt 0.520368 0.827987
vt 0.517617 0.820360
vt 0.525671 0.818071
vt 0.527343 0.826004
vt 0.517298 0.818071
vt 0.517859 0.809983
vt 0.525110 0.809983
vt 0.525671 0.818071
vt 0.517859 0.809983
vt 0.517457 0.801760
vt 0.521528 0.800781
vt 0.524909 0.808287
vt 0.535975 0.942406
vt 0.535760 0.938224
vt 0.543945 0.939901
vt 0.485173 0.887672
vt 0.487389 0.884120
vt 0.493143 0.890177
vt 0.485173 0.887672
vt 0.477499 0.884692
vt 0.481337 0.878539
vt 0.487389 0.884120
vt 0.527343 0.826004
vt 0.525671 0.818071
vt 0.533964 0.816915
vt 0.534525 0.825003
vt 0.525671 0.818071
vt 0.525110 0.809983
vt 0.532292 0.808982
vt 0.533964 0.816915
vt 0.528301 0.945387
vt 0.535975 0.942406
vt 0.538191 0.945958
vt 0.532140 0.951539
vt 0.538191 0.945958
vt 0.535975 0.942406
vt 0.543945 0.939901
vt 0.487389 0.884120
vt 0.491050 0.882089
vt 0.493143 0.890177
vt 0.487389 0.884120
vt 0.482125 0.877791
vt 0.488466 0.874273
vt 0.491050 0.882089
vt 0.500631 0.707816
vt 0.501192 0.699728
vt 0.509485 0.700883
vt 0.507813 0.708817
vt 0.501192 0.699728
vt 0.502864 0.691794
vt 0.510046 0.692795
vt 0.509485 0.700883
vt 0.502864 0.691794
vt 0.505498 0.683995
vt 0.509645 0.684573
vt 0.510046 0.692795
vt 0.541852 0.947989
vt 0.538191 0.945958
vt 0.543945 0.939901
vt 0.491050 0.882089
vt 0.495236 0.882089
vt 0.493143 0.890177
vt 0.491050 0.882089
vt 0.489517 0.874001
vt 0.496769 0.874001
vt 0.495236 0.882089
vt 0.512555 0.710800
vt 0.509804 0.703173
vt 0.517859 0.700883
vt 0.519531 0.708817
vt 0.509485 0.700883
vt 0.510046 0.692795
vt 0.517298 0.692795
vt 0.517859 0.700883
vt 0.510247 0.691100
vt 0.513628 0.683594
vt 0.517699 0.684573
vt 0.517298 0.692795
vt 0.546039 0.947989
vt 0.541852 0.947989
vt 0.543945 0.939901
vt 0.495236 0.803964
vt 0.499133 0.805496
vt 0.494226 0.812258
vt 0.495236 0.803964
vt 0.496769 0.795876
vt 0.503518 0.798528
vt 0.499133 0.805496
vt 0.523437 0.630692
vt 0.521765 0.622758
vt 0.530058 0.621603
vt 0.530619 0.629691
vt 0.521765 0.622758
vt 0.521204 0.614670
vt 0.528386 0.613669
vt 0.530058 0.621603
vt 0.521204 0.614670
vt 0.521605 0.606448
vt 0.525752 0.605870
vt 0.528386 0.613669
vt 0.549700 0.766270
vt 0.546039 0.768301
vt 0.543945 0.760213
vt 0.499133 0.805496
vt 0.502199 0.808346
vt 0.495159 0.812845
vt 0.499133 0.805496
vt 0.503518 0.798528
vt 0.508829 0.803466
vt 0.502199 0.808346
vt 0.461568 0.492972
vt 0.462129 0.484884
vt 0.470423 0.486040
vt 0.468751 0.493973
vt 0.462129 0.484884
vt 0.463801 0.476950
vt 0.470984 0.477951
vt 0.470423 0.486040
vt 0.555751 0.771852
vt 0.549700 0.766270
vt 0.551916 0.762718
vt 0.559589 0.765699
vt 0.551916 0.762718
vt 0.549700 0.766270
vt 0.543945 0.760213
vt 0.502199 0.808346
vt 0.503498 0.812327
vt 0.495159 0.812845
vt 0.001813 0.875000
vt 0.000280 0.867188
vt 0.007532 0.867188
vt 0.006000 0.875000
vt 0.473493 0.495956
vt 0.470742 0.488329
vt 0.478796 0.486040
vt 0.480468 0.493973
vt 0.470423 0.486040
vt 0.470984 0.477951
vt 0.478235 0.477951
vt 0.478796 0.486040
vt 0.471185 0.476256
vt 0.474566 0.468750
vt 0.478636 0.469729
vt 0.478235 0.477951
vt 0.552130 0.758537
vt 0.551916 0.762718
vt 0.543945 0.760213
vt 0.503498 0.812327
vt 0.502702 0.816437
vt 0.495159 0.812845
vt 0.554420 0.800781
vt 0.547791 0.795901
vt 0.553102 0.790963
vt 0.557487 0.797931
vt 0.480468 0.493973
vt 0.478796 0.486040
vt 0.487089 0.484884
vt 0.487650 0.492972
vt 0.478796 0.486040
vt 0.478235 0.477951
vt 0.485417 0.476950
vt 0.487089 0.484884
vt 0.478235 0.477951
vt 0.478636 0.469729
vt 0.482783 0.469151
vt 0.485417 0.476950
vt 0.550289 0.754777
vt 0.552130 0.758537
vt 0.543945 0.760213
vt 0.498248 0.818667
vt 0.494398 0.820312
vt 0.493143 0.812052
vt 0.557487 0.797931
vt 0.553102 0.790963
vt 0.559851 0.788311
vt 0.561383 0.796399
vt 0.434225 0.492972
vt 0.434786 0.484884
vt 0.443079 0.486040
vt 0.441407 0.493973
vt 0.434786 0.484884
vt 0.436458 0.476950
vt 0.443640 0.477951
vt 0.443079 0.486040
vt 0.436458 0.476950
vt 0.439092 0.469151
vt 0.443239 0.469729
vt 0.443640 0.477951
vt 0.546855 0.752382
vt 0.550289 0.754777
vt 0.543945 0.760213
vt 0.494398 0.820312
vt 0.490233 0.819884
vt 0.493143 0.812052
vt 0.561383 0.796399
vt 0.559851 0.788311
vt 0.567102 0.788311
vt 0.565570 0.796399
vt 0.446149 0.495956
vt 0.443398 0.488329
vt 0.451452 0.486040
vt 0.453124 0.493973
vt 0.443079 0.486040
vt 0.443640 0.477951
vt 0.450891 0.477951
vt 0.451452 0.486040
vt 0.443841 0.476256
vt 0.447222 0.468750
vt 0.451293 0.469729
vt 0.450891 0.477951
vt 0.542691 0.751953
vt 0.546855 0.752382
vt 0.543945 0.760213
vt 0.490233 0.819884
vt 0.486799 0.817489
vt 0.493143 0.812052
vt 0.565570 0.796399
vt 0.567102 0.788311
vt 0.573851 0.790963
vt 0.569466 0.797931
vt 0.453124 0.493973
vt 0.451452 0.486040
vt 0.459746 0.484884
vt 0.460307 0.492972
vt 0.451452 0.486040
vt 0.450891 0.477951
vt 0.458074 0.476950
vt 0.459746 0.484884
vt 0.450891 0.477951
vt 0.451293 0.469729
vt 0.455439 0.469151
vt 0.458074 0.476950
vt 0.537601 0.754777
vt 0.541035 0.752382
vt 0.543945 0.760213
vt 0.486799 0.817489
vt 0.484958 0.813729
vt 0.493143 0.812052
vt 0.569466 0.797931
vt 0.573851 0.790963
vt 0.579162 0.795901
vt 0.572533 0.800781
vt 0.379537 0.489066
vt 0.380098 0.480977
vt 0.388391 0.482133
vt 0.386719 0.490067
vt 0.380098 0.480977
vt 0.381770 0.473044
vt 0.388952 0.474045
vt 0.388391 0.482133
vt 0.381770 0.473044
vt 0.384404 0.465245
vt 0.388551 0.465823
vt 0.388952 0.474045
vt 0.535760 0.758537
vt 0.537601 0.754777
vt 0.543945 0.760213
vt 0.484958 0.813729
vt 0.485173 0.809547
vt 0.493143 0.812052
vt 0.134625 0.953125
vt 0.133093 0.945312
vt 0.140345 0.945312
vt 0.138812 0.953125
vt 0.391462 0.492050
vt 0.388711 0.484423
vt 0.396765 0.482133
vt 0.398437 0.490067
vt 0.388391 0.482133
vt 0.388952 0.474045
vt 0.396204 0.474045
vt 0.396765 0.482133
vt 0.388952 0.474045
vt 0.388551 0.465823
vt 0.392622 0.464844
vt 0.396003 0.472350
vt 0.535975 0.762718
vt 0.535760 0.758537
vt 0.543945 0.760213
vt 0.485173 0.809547
vt 0.487389 0.805995
vt 0.493143 0.812052
vt 0.485173 0.809547
vt 0.477499 0.806567
vt 0.481337 0.800414
vt 0.487389 0.805995
vt 0.398437 0.490067
vt 0.396765 0.482133
vt 0.405058 0.480977
vt 0.405619 0.489066
vt 0.396765 0.482133
vt 0.396204 0.474045
vt 0.403386 0.473044
vt 0.405058 0.480977
vt 0.528301 0.765699
vt 0.535975 0.762718
vt 0.538191 0.766270
vt 0.532140 0.771852
vt 0.538191 0.766270
vt 0.535975 0.762718
vt 0.543945 0.760213
vt 0.487389 0.805995
vt 0.491050 0.803964
vt 0.493143 0.812052
vt 0.487389 0.805995
vt 0.482125 0.799666
vt 0.488466 0.796148
vt 0.491050 0.803964
vt 0.504537 0.629691
vt 0.505098 0.621603
vt 0.513391 0.622758
vt 0.511719 0.630692
vt 0.505098 0.621603
vt 0.506770 0.613669
vt 0.513952 0.614670
vt 0.513391 0.622758
vt 0.506770 0.613669
vt 0.509404 0.605870
vt 0.513551 0.606448
vt 0.513952 0.614670
vt 0.541852 0.768301
vt 0.538191 0.766270
vt 0.543945 0.760213
vt 0.491050 0.803964
vt 0.495236 0.803964
vt 0.493143 0.812052
vt 0.491050 0.803964
vt 0.489517 0.795876
vt 0.496769 0.795876
vt 0.495236 0.803964
vt 0.516462 0.632675
vt 0.513711 0.625048
vt 0.521765 0.622758
vt 0.523437 0.630692
vt 0.513391 0.622758
vt 0.513952 0.614670
vt 0.521204 0.614670
vt 0.521765 0.622758
vt 0.514153 0.612975
vt 0.517534 0.605469
vt 0.521605 0.606448
vt 0.521204 0.614670
vt 0.546039 0.768301
vt 0.541852 0.768301
vt 0.543945 0.760213
vt 0.507812 0.863281
vt 0.445312 0.863281
vt 0.445312 0.847656
vt 0.507812 0.847656
vt 0.507812 0.558594
vt 0.507812 0.574219
vt 0.445312 0.574219
vt 0.445312 0.558594
vt 0.062500 0.613281
vt 0.093750 0.613281
vt 0.093750 0.675781
vt 0.062500 0.675781
vt 0.355469 0.718750
vt 0.355469 0.781250
vt 0.324219 0.781250
vt 0.324219 0.718750
vt 0.132812 0.937500
vt 0.132812 0.953125
vt 0.101562 0.953125
vt 0.101562 0.937500
vt 0.113281 0.820312
vt 0.082031 0.820312
vt 0.082031 0.804688
vt 0.113281 0.804688
vt 0.531250 0.968750
vt 0.468750 0.968750
vt 0.468750 0.953125
vt 0.531250 0.953125
vt 0.535156 0.578125
vt 0.535156 0.593750
vt 0.472656 0.593750
vt 0.472656 0.578125
vt 0.339844 0.593750
vt 0.371094 0.593750
vt 0.371094 0.656250
vt 0.339844 0.656250
vt 0.378906 0.937500
vt 0.378906 1.000000
vt 0.347656 1.000000
vt 0.347656 0.937500
vt 0.324219 0.765625
vt 0.324219 0.781250
vt 0.292969 0.781250
vt 0.292969 0.765625
vt 0.558594 0.671875
vt 0.527344 0.671875
vt 0.527344 0.656250
vt 0.558594 0.656250
vt 0.500000 0.496094
vt 0.500000 0.527344
vt 0.468750 0.527344
vt 0.468750 0.496094
vt 0.387104 0.529172
vt 0.415631 0.516414
vt 0.415631 0.554688
vt 0.207416 0.529172
vt 0.235943 0.516414
vt 0.235943 0.554688
vt 0.301166 0.529172
vt 0.329693 0.516414
vt 0.329693 0.554688
vt 0.016010 0.521359
vt 0.044537 0.508602
vt 0.044537 0.546875
vt 0.500000 0.656250
vt 0.500000 0.687500
vt 0.468750 0.687500
vt 0.468750 0.656250
vt 0.445697 0.915891
vt 0.474225 0.903133
vt 0.474225 0.941406
vt 0.441791 0.587766
vt 0.470318 0.575008
vt 0.470318 0.613281
vt 0.437885 0.533078
vt 0.466412 0.520320
vt 0.466412 0.558594
vt 0.445697 0.876828
vt 0.474225 0.864070
vt 0.474225 0.902344
usemtl m_35258383-f670-9a5a-86c2-55531bfd8229
s 1
f 1/1 2/2 3/3 4/4
f 5/5 6/6 7/7
f 8/8 9/9 10/10
f 11/11 12/12 13/13
f 14/14 15/15 16/16
f 17/17 18/18 19/19 20/20
f 21/21 22/22 23/23
f 24/24 25/25 26/26
f 27/27 28/28 29/29
f 30/30 31/31 32/32
f 33/33 34/34 35/35 36/36
f 37/37 38/38 39/39
f 40/40 41/41 42/42
f 43/43 44/44 45/45
f 46/46 47/47 48/48
f 49/49 50/50 51/51 52/52
f 53/53 54/54 55/55 56/56
f 57/57 58/58 59/59 60/60
f 61/61 62/62 63/63 64/64
f 65/65 66/66 67/67 68/68
f 69/69 70/70 71/71 72/72
f 73/73 74/74 75/75 76/76
f 77/77 78/78 79/79 80/80
f 81/81 82/82 83/83 84/84
f 85/85 86/86 87/87 88/88
f 89/89 90/90 91/91 92/92
f 93/93 94/94 95/95 96/96
f 97/97 98/98 99/99 100/100
f 101/101 102/102 103/103 104/104
f 105/105 106/106 107/107 108/108
f 109/109 110/110 111/111 112/112
f 113/113 114/114 115/115 116/116
f 117/117 118/118 119/119 120/120
f 121/121 122/122 123/123 124/124
f 125/125 126/126 127/127 128/128
f 129/129 130/130 131/131 132/132
f 133/133 134/134 135/135 136/136
f 137/137 138/138 139/139 140/140
f 141/141 142/142 143/143 144/144
f 145/145 146/146 147/147 148/148
f 149/149 150/150 151/151 152/152
f 153/153 154/154 155/155 156/156
f 157/157 158/158 159/159 160/160
f 161/161 162/162 163/163 164/164
f 165/165 166/166 167/167 168/168
f 169/169 170/170 171/171 172/172
f 173/173 174/174 175/175 176/176
f 177/177 178/178 179/179 180/180
f 181/181 182/182 183/183 184/184
f 185/185 186/186 187/187 188/188
f 189/189 190/190 191/191 192/192
f 193/193 194/194 195/195 196/196
f 197/197 198/198 199/199 200/200
f 201/201 202/202 203/203 204/204
f 205/205 206/206 207/207 208/208
f 209/209 210/210 211/211 212/212
f 213/213 214/214 215/215 216/216
f 217/217 218/218 219/219 220/220
f 221/221 222/222 223/223 224/224
f 225/225 226/226 227/227 228/228
f 229/229 230/230 231/231 232/232
f 233/233 234/234 235/235 236/236
f 237/237 238/238 239/239 240/240
f 241/241 242/242 243/243 244/244
f 245/245 246/246 247/247 248/248
f 249/249 250/250 251/251 252/252
f 253/253 254/254 255/255 256/256
f 257/257 258/258 259/259 260/260
f 261/261 262/262 263/263 264/264
f 265/265 266/266 267/267 268/268
f 269/269 270/270 271/271 272/272
f 273/273 274/274 275/275 276/276
f 277/277 278/278 279/279 280/280
f 281/281 282/282 283/283 284/284
f 285/285 286/286 287/287 288/288
f 289/289 290/290 291/291 292/292
f 293/293 294/294 295/295 296/296
f 297/297 298/298 299/299 300/300
f 301/301 302/302 303/303 304/304
f 305/305 306/306 307/307 308/308
f 309/309 310/310 311/311 312/312
f 313/313 314/314 315/315 316/316
f 317/317 318/318 319/319 320/320
f 321/321 322/322 323/323 324/324
f 325/325 326/326 327/327 328/328
f 329/329 330/330 331/331 332/332
f 333/333 334/334 335/335 336/336
f 337/337 338/338 339/339 340/340
f 341/341 342/342 343/343 344/344
f 345/345 346/346 347/347 348/348
f 349/349 350/350 351/351 352/352
f 353/353 354/354 355/355 356/356
f 357/357 358/358 359/359 360/360
f 361/361 362/362 363/363 364/364
f 365/365 366/366 367/367 368/368
f 369/369 370/370 371/371 372/372
f 373/373 374/374 375/375 376/376
f 377/377 378/378 379/379 380/380
f 381/381 382/382 383/383 384/384
f 385/385 386/386 387/387 388/388
f 389/389 390/390 391/391 392/392
f 393/393 394/394 395/395 396/396
f 397/397 398/398 399/399 400/400
f 401/401 402/402 403/403 404/404
f 405/405 406/406 407/407 408/408
f 409/409 410/410 411/411 412/412
f 413/413 414/414 415/415 416/416
f 417/417 418/418 419/419 420/420
f 421/421 422/422 423/423 424/424
f 425/425 426/426 427/427 428/428
f 429/429 430/430 431/431 432/432
f 433/433 434/434 435/435 436/436
f 437/437 438/438 439/439 440/440
f 441/441 442/442 443/443 444/444
f 445/445 446/446 447/447 448/448
f 449/449 450/450 451/451 452/452
f 453/453 454/454 455/455 456/456
f 457/457 458/458 459/459 460/460
f 461/461 462/462 463/463 464/464
f 465/465 466/466 467/467 468/468
f 469/469 470/470 471/471 472/472
f 473/473 474/474 475/475 476/476
f 477/477 478/478 479/479 480/480
f 481/481 482/482 483/483 484/484
f 485/485 486/486 487/487 488/488
f 489/489 490/490 491/491 492/492
f 493/493 494/494 495/495 496/496
f 497/497 498/498 499/499 500/500
f 501/501 502/502 503/503 504/504
f 505/505 506/506 507/507 508/508
f 509/509 510/510 511/511 512/512
f 513/513 514/514 515/515 516/516
f 517/517 518/518 519/519 520/520
f 521/521 522/522 523/523 524/524
f 525/525 526/526 527/527 528/528
f 529/529 530/530 531/531 532/532
f 533/533 534/534 535/535 536/536
f 537/537 538/538 539/539 540/540
f 541/541 542/542 543/543 544/544
f 545/545 546/546 547/547 548/548
f 549/549 550/550 551/551 552/552
f 553/553 554/554 555/555 556/556
f 557/557 558/558 559/559 560/560
f 561/561 562/562 563/563 564/564
f 565/565 566/566 567/567 568/568
f 569/569 570/570 571/571 572/572
f 573/573 574/574 575/575 576/576
f 577/577 578/578 579/579 580/580
f 581/581 582/582 583/583 584/584
f 585/585 586/586 587/587 588/588
f 589/589 590/590 591/591 592/592
f 593/593 594/594 595/595 596/596
f 597/597 598/598 599/599 600/600
f 601/601 602/602 603/603 604/604
f 605/605 606/606 607/607 608/608
f 609/609 610/610 611/611 612/612
f 613/613 614/614 615/615 616/616
f 617/617 618/618 619/619 620/620
f 621/621 622/622 623/623 624/624
f 625/625 626/626 627/627 628/628
f 629/629 630/630 631/631 632/632
f 633/633 634/634 635/635 636/636
f 637/637 638/638 639/639 640/640
f 641/641 642/642 643/643 644/644
f 645/645 646/646 647/647 648/648
f 649/649 650/650 651/651 652/652
f 653/653 654/654 655/655 656/656
f 657/657 658/658 659/659 660/660
f 661/661 662/662 663/663 664/664
f 665/665 666/666 667/667 668/668
f 669/669 670/670 671/671 672/672
f 673/673 674/674 675/675 676/676
f 677/677 678/678 679/679 680/680
f 681/681 682/682 683/683 684/684
f 685/685 686/686 687/687 688/688
f 689/689 690/690 691/691 692/692
f 693/693 694/694 695/695 696/696
f 697/697 698/698 699/699 700/700
f 701/701 702/702 703/703 704/704
f 705/705 706/706 707/707 708/708
f 709/709 710/710 711/711 712/712
f 713/713 714/714 715/715 716/716
f 717/717 718/718 719/719 720/720
f 721/721 722/722 723/723 724/724
f 725/725 726/726 727/727 728/728
f 729/729 730/730 731/731 732/732
f 733/733 734/734 735/735 736/736
f 737/737 738/738 739/739 740/740
f 741/741 742/742 743/743 744/744
f 745/745 746/746 747/747 748/748
f 749/749 750/750 751/751 752/752
f 753/753 754/754 755/755 756/756
f 757/757 758/758 759/759 760/760
f 761/761 762/762 763/763 764/764
f 765/765 766/766 767/767 768/768
f 769/769 770/770 771/771 772/772
f 773/773 774/774 775/775 776/776
f 777/777 778/778 779/779 780/780
f 781/781 782/782 783/783 784/784
f 785/785 786/786 787/787 788/788
f 789/789 790/790 791/791 792/792
f 793/793 794/794 795/795 796/796
f 797/797 798/798 799/799 800/800
f 801/801 802/802 803/803 804/804
f 805/805 806/806 807/807 808/808
f 809/809 810/810 811/811 812/812
f 813/813 814/814 815/815 816/816
f 817/817 818/818 819/819 820/820
f 821/821 822/822 823/823 824/824
f 825/825 826/826 827/827 828/828
f 829/829 830/830 831/831 832/832
f 833/833 834/834 835/835 836/836
f 837/837 838/838 839/839 840/840
f 841/841 842/842 843/843 844/844
f 845/845 846/846 847/847 848/848
f 849/849 850/850 851/851 852/852
f 853/853 854/854 855/855 856/856
f 857/857 858/858 859/859 860/860
f 861/861 862/862 863/863 864/864
f 865/865 866/866 867/867 868/868
f 869/869 870/870 871/871 872/872
f 873/873 874/874 875/875 876/876
f 877/877 878/878 879/879 880/880
f 881/881 882/882 883/883 884/884
f 885/885 886/886 887/887 888/888
f 889/889 890/890 891/891 892/892
f 893/893 894/894 895/895 896/896
f 897/897 898/898 899/899 900/900
f 901/901 902/902 903/903 904/904
f 905/905 906/906 907/907 908/908
f 909/909 910/910 911/911 912/912
f 913/913 914/914 915/915 916/916
f 917/917 918/918 919/919 920/920
f 921/921 922/922 923/923 924/924
f 925/925 926/926 927/927 928/928
f 929/929 930/930 931/931 932/932
f 933/933 934/934 935/935 936/936
f 937/937 938/938 939/939 940/940
f 941/941 942/942 943/943 944/944
f 945/945 946/946 947/947 948/948
f 949/949 950/950 951/951 952/952
f 953/953 954/954 955/955
f 956/956 957/957 958/958 959/959
f 960/960 961/961 962/962
f 963/963 964/964 965/965
f 966/966 967/967 968/968 969/969
f 970/970 971/971 972/972
f 973/973 974/974 975/975
f 976/976 977/977 978/978 979/979
f 980/980 981/981 982/982
f 983/983 984/984 985/985
f 986/986 987/987 988/988 989/989
f 990/990 991/991 992/992
f 993/993 994/994 995/995
f 996/996 997/997 998/998 999/999
f 1000/1000 1001/1001 1002/1002
f 1003/1003 1004/1004 1005/1005
f 1006/1006 1007/1007 1008/1008 1009/1009
f 1010/1010 1011/1011 1012/1012
f 1013/1013 1014/1014 1015/1015
f 1016/1016 1017/1017 1018/1018 1019/1019
f 1020/1020 1021/1021 1022/1022
f 1023/1023 1024/1024 1025/1025
f 1026/1026 1027/1027 1028/1028 1029/1029
f 1030/1030 1031/1031 1032/1032
f 1033/1033 1034/1034 1035/1035
f 1036/1036 1037/1037 1038/1038 1039/1039
f 1040/1040 1041/1041 1042/1042
f 1043/1043 1044/1044 1045/1045
f 1046/1046 1047/1047 1048/1048 1049/1049
f 1050/1050 1051/1051 1052/1052
f 1053/1053 1054/1054 1055/1055
f 1056/1056 1057/1057 1058/1058 1059/1059
f 1060/1060 1061/1061 1062/1062
f 1063/1063 1064/1064 1065/1065
f 1066/1066 1067/1067 1068/1068 1069/1069
f 1070/1070 1071/1071 1072/1072
f 1073/1073 1074/1074 1075/1075
f 1076/1076 1077/1077 1078/1078 1079/1079
f 1080/1080 1081/1081 1082/1082
f 1083/1083 1084/1084 1085/1085
f 1086/1086 1087/1087 1088/1088 1089/1089
f 1090/1090 1091/1091 1092/1092
f 1093/1093 1094/1094 1095/1095
f 1096/1096 1097/1097 1098/1098 1099/1099
f 1100/1100 1101/1101 1102/1102
f 1103/1103 1104/1104 1105/1105
f 1106/1106 1107/1107 1108/1108 1109/1109
f 1110/1110 1111/1111 1112/1112
f 1113/1113 1114/1114 1115/1115
f 1116/1116 1117/1117 1118/1118 1119/1119
f 1120/1120 1121/1121 1122/1122
f 1123/1123 1124/1124 1125/1125
f 1126/1126 1127/1127 1128/1128 1129/1129
f 1130/1130 1131/1131 1132/1132
f 1133/1133 1134/1134 1135/1135
f 1136/1136 1137/1137 1138/1138 1139/1139
f 1140/1140 1141/1141 1142/1142
f 1143/1143 1144/1144 1145/1145
f 1146/1146 1147/1147 1148/1148 1149/1149
f 1150/1150 1151/1151 1152/1152
f 1153/1153 1154/1154 1155/1155
f 1156/1156 1157/1157 1158/1158 1159/1159
f 1160/1160 1161/1161 1162/1162
f 1163/1163 1164/1164 1165/1165
f 1166/1166 1167/1167 1168/1168 1169/1169
f 1170/1170 1171/1171 1172/1172
f 1173/1173 1174/1174 1175/1175
f 1176/1176 1177/1177 1178/1178 1179/1179
f 1180/1180 1181/1181 1182/1182
f 1183/1183 1184/1184 1185/1185
f 1186/1186 1187/1187 1188/1188 1189/1189
f 1190/1190 1191/1191 1192/1192
f 1193/1193 1194/1194 1195/1195 1196/1196
f 1197/1197 1198/1198 1199/1199 1200/1200
f 1201/1201 1202/1202 1203/1203 1204/1204
f 1205/1205 1206/1206 1207/1207 1208/1208
f 1209/1209 1210/1210 1211/1211 1212/1212
f 1213/1213 1214/1214 1215/1215 1216/1216
f 1217/1217 1218/1218 1219/1219
f 1220/1220 1221/1221 1222/1222 1223/1223
f 1224/1224 1225/1225 1226/1226
f 1227/1227 1228/1228 1229/1229
f 1230/1230 1231/1231 1232/1232 1233/1233
f 1234/1234 1235/1235 1236/1236
f 1237/1237 1238/1238 1239/1239
f 1240/1240 1241/1241 1242/1242 1243/1243
f 1244/1244 1245/1245 1246/1246
f 1247/1247 1248/1248 1249/1249
f 1250/1250 1251/1251 1252/1252 1253/1253
f 1254/1254 1255/1255 1256/1256
f 1257/1257 1258/1258 1259/1259
f 1260/1260 1261/1261 1262/1262 1263/1263
f 1264/1264 1265/1265 1266/1266
f 1267/1267 1268/1268 1269/1269
f 1270/1270 1271/1271 1272/1272 1273/1273
f 1274/1274 1275/1275 1276/1276
f 1277/1277 1278/1278 1279/1279
f 1280/1280 1281/1281 1282/1282 1283/1283
f 1284/1284 1285/1285 1286/1286
f 1287/1287 1288/1288 1289/1289
f 1290/1290 1291/1291 1292/1292 1293/1293
f 1294/1294 1295/1295 1296/1296
f 1297/1297 1298/1298 1299/1299
f 1300/1300 1301/1301 1302/1302 1303/1303
f 1304/1304 1305/1305 1306/1306
f 1307/1307 1308/1308 1309/1309
f 1310/1310 1311/1311 1312/1312 1313/1313
f 1314/1314 1315/1315 1316/1316
f 1317/1317 1318/1318 1319/1319
f 1320/1320 1321/1321 1322/1322 1323/1323
f 1324/1324 1325/1325 1326/1326
f 1327/1327 1328/1328 1329/1329
f 1330/1330 1331/1331 1332/1332 1333/1333
f 1334/1334 1335/1335 1336/1336
f 1337/1337 1338/1338 1339/1339 1340/1340
f 1341/1341 1342/1342 1343/1343 1344/1344
f 1345/1345 1346/1346 1347/1347 1348/1348
f 1349/1349 1350/1350 1351/1351 1352/1352
f 1353/1353 1354/1354 1355/1355 1356/1356
f 1357/1357 1358/1358 1359/1359 1360/1360
f 1361/1361 1362/1362 1363/1363
f 1364/1364 1365/1365 1366/1366 1367/1367
f 1368/1368 1369/1369 1370/1370
f 1371/1371 1372/1372 1373/1373
f 1374/1374 1375/1375 1376/1376 1377/1377
f 1378/1378 1379/1379 1380/1380
f 1381/1381 1382/1382 1383/1383
f 1384/1384 1385/1385 1386/1386 1387/1387
f 1388/1388 1389/1389 1390/1390
f 1391/1391 1392/1392 1393/1393
f 1394/1394 1395/1395 1396/1396 1397/1397
f 1398/1398 1399/1399 1400/1400
f 1401/1401 1402/1402 1403/1403
f 1404/1404 1405/1405 1406/1406 1407/1407
f 1408/1408 1409/1409 1410/1410
f 1411/1411 1412/1412 1413/1413
f 1414/1414 1415/1415 1416/1416 1417/1417
f 1418/1418 1419/1419 1420/1420
f 1421/1421 1422/1422 1423/1423
f 1424/1424 1425/1425 1426/1426 1427/1427
f 1428/1428 1429/1429 1430/1430
f 1431/1431 1432/1432 1433/1433
f 1434/1434 1435/1435 1436/1436 1437/1437
f 1438/1438 1439/1439 1440/1440
f 1441/1441 1442/1442 1443/1443
f 1444/1444 1445/1445 1446/1446 1447/1447
f 1448/1448 1449/1449 1450/1450
f 1451/1451 1452/1452 1453/1453
f 1454/1454 1455/1455 1456/1456 1457/1457
f 1458/1458 1459/1459 1460/1460
f 1461/1461 1462/1462 1463/1463
f 1464/1464 1465/1465 1466/1466 1467/1467
f 1468/1468 1469/1469 1470/1470
f 1471/1471 1472/1472 1473/1473
f 1474/1474 1475/1475 1476/1476 1477/1477
f 1478/1478 1479/1479 1480/1480
f 1481/1481 1482/1482 1483/1483
f 1484/1484 1485/1485 1486/1486 1487/1487
f 1488/1488 1489/1489 1490/1490
f 1491/1491 1492/1492 1493/1493
f 1494/1494 1495/1495 1496/1496 1497/1497
f 1498/1498 1499/1499 1500/1500
f 1501/1501 1502/1502 1503/1503
f 1504/1504 1505/1505 1506/1506 1507/1507
f 1508/1508 1509/1509 1510/1510
f 1511/1511 1512/1512 1513/1513
f 1514/1514 1515/1515 1516/1516 1517/1517
f 1518/1518 1519/1519 1520/1520
f 1521/1521 1522/1522 1523/1523
f 1524/1524 1525/1525 1526/1526 1527/1527
f 1528/1528 1529/1529 1530/1530
f 1531/1531 1532/1532 1533/1533
f 1534/1534 1535/1535 1536/1536 1537/1537
f 1538/1538 1539/1539 1540/1540
f 1541/1541 1542/1542 1543/1543
f 1544/1544 1545/1545 1546/1546 1547/1547
f 1548/1548 1549/1549 1550/1550
f 1551/1551 1552/1552 1553/1553
f 1554/1554 1555/1555 1556/1556 1557/1557
f 1558/1558 1559/1559 1560/1560
f 1561/1561 1562/1562 1563/1563
f 1564/1564 1565/1565 1566/1566 1567/1567
f 1568/1568 1569/1569 1570/1570
f 1571/1571 1572/1572 1573/1573
f 1574/1574 1575/1575 1576/1576 1577/1577
f 1578/1578 1579/1579 1580/1580
f 1581/1581 1582/1582 1583/1583
f 1584/1584 1585/1585 1586/1586 1587/1587
f 1588/1588 1589/1589 1590/1590
f 1591/1591 1592/1592 1593/1593
f 1594/1594 1595/1595 1596/1596 1597/1597
f 1598/1598 1599/1599 1600/1600
f 1601/1601 1602/1602 1603/1603
f 1604/1604 1605/1605 1606/1606 1607/1607
f 1608/1608 1609/1609 1610/1610
f 1611/1611 1612/1612 1613/1613
f 1614/1614 1615/1615 1616/1616 1617/1617
f 1618/1618 1619/1619 1620/1620
f 1621/1621 1622/1622 1623/1623
f 1624/1624 1625/1625 1626/1626 1627/1627
f 1628/1628 1629/1629 1630/1630
f 1631/1631 1632/1632 1633/1633
f 1634/1634 1635/1635 1636/1636 1637/1637
f 1638/1638 1639/1639 1640/1640
f 1641/1641 1642/1642 1643/1643
f 1644/1644 1645/1645 1646/1646 1647/1647
f 1648/1648 1649/1649 1650/1650
f 1651/1651 1652/1652 1653/1653
f 1654/1654 1655/1655 1656/1656 1657/1657
f 1658/1658 1659/1659 1660/1660
f 1661/1661 1662/1662 1663/1663
f 1664/1664 1665/1665 1666/1666 1667/1667
f 1668/1668 1669/1669 1670/1670
f 1671/1671 1672/1672 1673/1673
f 1674/1674 1675/1675 1676/1676 1677/1677
f 1678/1678 1679/1679 1680/1680
f 1681/1681 1682/1682 1683/1683
f 1684/1684 1685/1685 1686/1686 1687/1687
f 1688/1688 1689/1689 1690/1690
f 1691/1691 1692/1692 1693/1693
f 1694/1694 1695/1695 1696/1696 1697/1697
f 1698/1698 1699/1699 1700/1700
f 1701/1701 1702/1702 1703/1703
f 1704/1704 1705/1705 1706/1706 1707/1707
f 1708/1708 1709/1709 1710/1710
f 1711/1711 1712/1712 1713/1713
f 1714/1714 1715/1715 1716/1716 1717/1717
f 1718/1718 1719/1719 1720/1720
f 1721/1721 1722/1722 1723/1723 1724/1724
f 1725/1725 1726/1726 1727/1727 1728/1728
f 1729/1729 1730/1730 1731/1731 1732/1732
f 1733/1733 1734/1734 1735/1735 1736/1736
f 1737/1737 1738/1738 1739/1739 1740/1740
f 1741/1741 1742/1742 1743/1743 1744/1744
f 1745/1745 1746/1746 1747/1747 1748/1748
f 1749/1749 1750/1750 1751/1751 1752/1752
f 1753/1753 1754/1754 1755/1755 1756/1756
f 1757/1757 1758/1758 1759/1759 1760/1760
f 1761/1761 1762/1762 1763/1763 1764/1764
f 1765/1765 1766/1766 1767/1767 1768/1768
f 1769/1769 1770/1770 1771/1771
f 1772/1772 1773/1773 1774/1774 1775/1775
f 1776/1776 1777/1777 1778/1778 1779/1779
f 1780/1780 1781/1781 1782/1782 1783/1783
f 1784/1784 1785/1785 1786/1786 1787/1787
f 1788/1788 1789/1789 1790/1790
f 1791/1791 1792/1792 1793/1793
f 1794/1794 1795/1795 1796/1796 1797/1797
f 1798/1798 1799/1799 1800/1800 1801/1801
f 1802/1802 1803/1803 1804/1804 1805/1805
f 1806/1806 1807/1807 1808/1808 1809/1809
f 1810/1810 1811/1811 1812/1812
f 1813/1813 1814/1814 1815/1815
f 1816/1816 1817/1817 1818/1818 1819/1819
f 1820/1820 1821/1821 1822/1822 1823/1823
f 1824/1824 1825/1825 1826/1826 1827/1827
f 1828/1828 1829/1829 1830/1830 1831/1831
f 1832/1832 1833/1833 1834/1834
f 1835/1835 1836/1836 1837/1837
f 1838/1838 1839/1839 1840/1840 1841/1841
f 1842/1842 1843/1843 1844/1844 1845/1845
f 1846/1846 1847/1847 1848/1848 1849/1849
f 1850/1850 1851/1851 1852/1852 1853/1853
f 1854/1854 1855/1855 1856/1856
f 1857/1857 1858/1858 1859/1859
f 1860/1860 1861/1861 1862/1862 1863/1863
f 1864/1864 1865/1865 1866/1866 1867/1867
f 1868/1868 1869/1869 1870/1870 1871/1871
f 1872/1872 1873/1873 1874/1874 1875/1875
f 1876/1876 1877/1877 1878/1878
f 1879/1879 1880/1880 1881/1881
f 1882/1882 1883/1883 1884/1884 1885/1885
f 1886/1886 1887/1887 1888/1888 1889/1889
f 1890/1890 1891/1891 1892/1892 1893/1893
f 1894/1894 1895/1895 1896/1896 1897/1897
f 1898/1898 1899/1899 1900/1900
f 1901/1901 1902/1902 1903/1903
f 1904/1904 1905/1905 1906/1906 1907/1907
f 1908/1908 1909/1909 1910/1910 1911/1911
f 1912/1912 1913/1913 1914/1914 1915/1915
f 1916/1916 1917/1917 1918/1918 1919/1919
f 1920/1920 1921/1921 1922/1922
f 1923/1923 1924/1924 1925/1925
f 1926/1926 1927/1927 1928/1928 1929/1929
f 1930/1930 1931/1931 1932/1932 1933/1933
f 1934/1934 1935/1935 1936/1936 1937/1937
f 1938/1938 1939/1939 1940/1940 1941/1941
f 1942/1942 1943/1943 1944/1944
f 1945/1945 1946/1946 1947/1947
f 1948/1948 1949/1949 1950/1950 1951/1951
f 1952/1952 1953/1953 1954/1954 1955/1955
f 1956/1956 1957/1957 1958/1958 1959/1959
f 1960/1960 1961/1961 1962/1962 1963/1963
f 1964/1964 1965/1965 1966/1966
f 1967/1967 1968/1968 1969/1969
f 1970/1970 1971/1971 1972/1972 1973/1973
f 1974/1974 1975/1975 1976/1976 1977/1977
f 1978/1978 1979/1979 1980/1980 1981/1981
f 1982/1982 1983/1983 1984/1984 1985/1985
f 1986/1986 1987/1987 1988/1988
f 1989/1989 1990/1990 1991/1991
f 1992/1992 1993/1993 1994/1994 1995/1995
f 1996/1996 1997/1997 1998/1998 1999/1999
f 2000/2000 2001/2001 2002/2002 2003/2003
f 2004/2004 2005/2005 2006/2006 2007/2007
f 2008/2008 2009/2009 2010/2010
f 2011/2011 2012/2012 2013/2013
f 2014/2014 2015/2015 2016/2016 2017/2017
f 2018/2018 2019/2019 2020/2020 2021/2021
f 2022/2022 2023/2023 2024/2024 2025/2025
f 2026/2026 2027/2027 2028/2028 2029/2029
f 2030/2030 2031/2031 2032/2032
f 2033/2033 2034/2034 2035/2035
f 2036/2036 2037/2037 2038/2038 2039/2039
f 2040/2040 2041/2041 2042/2042 2043/2043
f 2044/2044 2045/2045 2046/2046 2047/2047
f 2048/2048 2049/2049 2050/2050 2051/2051
f 2052/2052 2053/2053 2054/2054
f 2055/2055 2056/2056 2057/2057
f 2058/2058 2059/2059 2060/2060 2061/2061
f 2062/2062 2063/2063 2064/2064 2065/2065
f 2066/2066 2067/2067 2068/2068 2069/2069
f 2070/2070 2071/2071 2072/2072 2073/2073
f 2074/2074 2075/2075 2076/2076
f 2077/2077 2078/2078 2079/2079
f 2080/2080 2081/2081 2082/2082 2083/2083
f 2084/2084 2085/2085 2086/2086 2087/2087
f 2088/2088 2089/2089 2090/2090 2091/2091
f 2092/2092 2093/2093 2094/2094 2095/2095
f 2096/2096 2097/2097 2098/2098
f 2099/2099 2100/2100 2101/2101
f 2102/2102 2103/2103 2104/2104 2105/2105
f 2106/2106 2107/2107 2108/2108 2109/2109
f 2110/2110 2111/2111 2112/2112 2113/2113
f 2114/2114 2115/2115 2116/2116 2117/2117
f 2118/2118 2119/2119 2120/2120
f 2121/2121 2122/2122 2123/2123
f 2124/2124 2125/2125 2126/2126 2127/2127
f 2128/2128 2129/2129 2130/2130 2131/2131
f 2132/2132 2133/2133 2134/2134 2135/2135
f 2136/2136 2137/2137 2138/2138 2139/2139
f 2140/2140 2141/2141 2142/2142
f 2143/2143 2144/2144 2145/2145
f 2146/2146 2147/2147 2148/2148 2149/2149
f 2150/2150 2151/2151 2152/2152 2153/2153
f 2154/2154 2155/2155 2156/2156 2157/2157
f 2158/2158 2159/2159 2160/2160 2161/2161
f 2162/2162 2163/2163 2164/2164
f 2165/2165 2166/2166 2167/2167
f 2168/2168 2169/2169 2170/2170 2171/2171
f 2172/2172 2173/2173 2174/2174 2175/2175
f 2176/2176 2177/2177 2178/2178 2179/2179
f 2180/2180 2181/2181 2182/2182 2183/2183
f 2184/2184 2185/2185 2186/2186
f 2187/2187 2188/2188 2189/2189
f 2190/2190 2191/2191 2192/2192 2193/2193
f 2194/2194 2195/2195 2196/2196 2197/2197
f 2198/2198 2199/2199 2200/2200 2201/2201
f 2202/2202 2203/2203 2204/2204 2205/2205
f 2206/2206 2207/2207 2208/2208
f 2209/2209 2210/2210 2211/2211
f 2212/2212 2213/2213 2214/2214 2215/2215
f 2216/2216 2217/2217 2218/2218 2219/2219
f 2220/2220 2221/2221 2222/2222 2223/2223
f 2224/2224 2225/2225 2226/2226 2227/2227
f 2228/2228 2229/2229 2230/2230
f 2231/2231 2232/2232 2233/2233
f 2234/2234 2235/2235 2236/2236 2237/2237
f 2238/2238 2239/2239 2240/2240 2241/2241
f 2242/2242 2243/2243 2244/2244 2245/2245
f 2246/2246 2247/2247 2248/2248 2249/2249
f 2250/2250 2251/2251 2252/2252
f 2253/2253 2254/2254 2255/2255
f 2256/2256 2257/2257 2258/2258 2259/2259
f 2260/2260 2261/2261 2262/2262 2263/2263
f 2264/2264 2265/2265 2266/2266 2267/2267
f 2268/2268 2269/2269 2270/2270 2271/2271
f 2272/2272 2273/2273 2274/2274
f 2275/2275 2276/2276 2277/2277
f 2278/2278 2279/2279 2280/2280 2281/2281
f 2282/2282 2283/2283 2284/2284 2285/2285
f 2286/2286 2287/2287 2288/2288 2289/2289
f 2290/2290 2291/2291 2292/2292 2293/2293
f 2294/2294 2295/2295 2296/2296
f 2297/2297 2298/2298 2299/2299 2300/2300
f 2301/2301 2302/2302 2303/2303 2304/2304
f 2305/2305 2306/2306 2307/2307 2308/2308
f 2309/2309 2310/2310 2311/2311 2312/2312
f 2313/2313 2314/2314 2315/2315 2316/2316
f 2317/2317 2318/2318 2319/2319 2320/2320
f 2321/2321 2322/2322 2323/2323 2324/2324
f 2325/2325 2326/2326 2327/2327 2328/2328
f 2329/2329 2330/2330 2331/2331 2332/2332
f 2333/2333 2334/2334 2335/2335 2336/2336
f 2337/2337 2338/2338 2339/2339 2340/2340
f 2341/2341 2342/2342 2343/2343 2344/2344
f 2345/2345 2346/2346 2347/2347 2348/2348
f 2349/2349 2350/2350 2351/2351 2352/2352
f 2353/2353 2354/2354 2355/2355 2356/2356
f 2357/2357 2358/2358 2359/2359 2360/2360
f 2361/2361 2362/2362 2363/2363 2364/2364
f 2365/2365 2366/2366 2367/2367 2368/2368
f 2369/2369 2370/2370 2371/2371 2372/2372
f 2373/2373 2374/2374 2375/2375 2376/2376
f 2377/2377 2378/2378 2379/2379 2380/2380
f 2381/2381 2382/2382 2383/2383 2384/2384
f 2385/2385 2386/2386 2387/2387 2388/2388
f 2389/2389 2390/2390 2391/2391 2392/2392
f 2393/2393 2394/2394 2395/2395 2396/2396
f 2397/2397 2398/2398 2399/2399 2400/2400
f 2401/2401 2402/2402 2403/2403 2404/2404
f 2405/2405 2406/2406 2407/2407 2408/2408
f 2409/2409 2410/2410 2411/2411 2412/2412
f 2413/2413 2414/2414 2415/2415 2416/2416
f 2417/2417 2418/2418 2419/2419 2420/2420
f 2421/2421 2422/2422 2423/2423 2424/2424
f 2425/2425 2426/2426 2427/2427 2428/2428
f 2429/2429 2430/2430 2431/2431 2432/2432
f 2433/2433 2434/2434 2435/2435 2436/2436
f 2437/2437 2438/2438 2439/2439 2440/2440
f 2441/2441 2442/2442 2443/2443 2444/2444
f 2445/2445 2446/2446 2447/2447 2448/2448
f 2449/2449 2450/2450 2451/2451 2452/2452
f 2453/2453 2454/2454 2455/2455 2456/2456
f 2457/2457 2458/2458 2459/2459 2460/2460
f 2461/2461 2462/2462 2463/2463 2464/2464
f 2465/2465 2466/2466 2467/2467 2468/2468
f 2469/2469 2470/2470 2471/2471 2472/2472
f 2473/2473 2474/2474 2475/2475 2476/2476
f 2477/2477 2478/2478 2479/2479 2480/2480
f 2481/2481 2482/2482 2483/2483 2484/2484
f 2485/2485 2486/2486 2487/2487 2488/2488
f 2489/2489 2490/2490 2491/2491
f 2492/2492 2493/2493 2494/2494 2495/2495
f 2496/2496 2497/2497 2498/2498
f 2499/2499 2500/2500 2501/2501
f 2502/2502 2503/2503 2504/2504 2505/2505
f 2506/2506 2507/2507 2508/2508
f 2509/2509 2510/2510 2511/2511
f 2512/2512 2513/2513 2514/2514 2515/2515
f 2516/2516 2517/2517 2518/2518
f 2519/2519 2520/2520 2521/2521
f 2522/2522 2523/2523 2524/2524 2525/2525
f 2526/2526 2527/2527 2528/2528
f 2529/2529 2530/2530 2531/2531
f 2532/2532 2533/2533 2534/2534 2535/2535
f 2536/2536 2537/2537 2538/2538
f 2539/2539 2540/2540 2541/2541
f 2542/2542 2543/2543 2544/2544 2545/2545
f 2546/2546 2547/2547 2548/2548
f 2549/2549 2550/2550 2551/2551
f 2552/2552 2553/2553 2554/2554 2555/2555
f 2556/2556 2557/2557 2558/2558
f 2559/2559 2560/2560 2561/2561
f 2562/2562 2563/2563 2564/2564 2565/2565
f 2566/2566 2567/2567 2568/2568
f 2569/2569 2570/2570 2571/2571
f 2572/2572 2573/2573 2574/2574 2575/2575
f 2576/2576 2577/2577 2578/2578
f 2579/2579 2580/2580 2581/2581
f 2582/2582 2583/2583 2584/2584 2585/2585
f 2586/2586 2587/2587 2588/2588
f 2589/2589 2590/2590 2591/2591
f 2592/2592 2593/2593 2594/2594 2595/2595
f 2596/2596 2597/2597 2598/2598
f 2599/2599 2600/2600 2601/2601
f 2602/2602 2603/2603 2604/2604 2605/2605
f 2606/2606 2607/2607 2608/2608
f 2609/2609 2610/2610 2611/2611 2612/2612
f 2613/2613 2614/2614 2615/2615 2616/2616
f 2617/2617 2618/2618 2619/2619 2620/2620
f 2621/2621 2622/2622 2623/2623 2624/2624
f 2625/2625 2626/2626 2627/2627 2628/2628
f 2629/2629 2630/2630 2631/2631 2632/2632
f 2633/2633 2634/2634 2635/2635 2636/2636
f 2637/2637 2638/2638 2639/2639 2640/2640
f 2641/2641 2642/2642 2643/2643 2644/2644
f 2645/2645 2646/2646 2647/2647 2648/2648
f 2649/2649 2650/2650 2651/2651 2652/2652
f 2653/2653 2654/2654 2655/2655 2656/2656
f 2657/2657 2658/2658 2659/2659
f 2660/2660 2661/2661 2662/2662 2663/2663
f 2664/2664 2665/2665 2666/2666 2667/2667
f 2668/2668 2669/2669 2670/2670 2671/2671
f 2672/2672 2673/2673 2674/2674 2675/2675
f 2676/2676 2677/2677 2678/2678
f 2679/2679 2680/2680 2681/2681
f 2682/2682 2683/2683 2684/2684 2685/2685
f 2686/2686 2687/2687 2688/2688 2689/2689
f 2690/2690 2691/2691 2692/2692 2693/2693
f 2694/2694 2695/2695 2696/2696 2697/2697
f 2698/2698 2699/2699 2700/2700
f 2701/2701 2702/2702 2703/2703
f 2704/2704 2705/2705 2706/2706 2707/2707
f 2708/2708 2709/2709 2710/2710 2711/2711
f 2712/2712 2713/2713 2714/2714 2715/2715
f 2716/2716 2717/2717 2718/2718 2719/2719
f 2720/2720 2721/2721 2722/2722
f 2723/2723 2724/2724 2725/2725
f 2726/2726 2727/2727 2728/2728 2729/2729
f 2730/2730 2731/2731 2732/2732 2733/2733
f 2734/2734 2735/2735 2736/2736 2737/2737
f 2738/2738 2739/2739 2740/2740 2741/2741
f 2742/2742 2743/2743 2744/2744
f 2745/2745 2746/2746 2747/2747
f 2748/2748 2749/2749 2750/2750 2751/2751
f 2752/2752 2753/2753 2754/2754 2755/2755
f 2756/2756 2757/2757 2758/2758 2759/2759
f 2760/2760 2761/2761 2762/2762 2763/2763
f 2764/2764 2765/2765 2766/2766
f 2767/2767 2768/2768 2769/2769
f 2770/2770 2771/2771 2772/2772 2773/2773
f 2774/2774 2775/2775 2776/2776 2777/2777
f 2778/2778 2779/2779 2780/2780 2781/2781
f 2782/2782 2783/2783 2784/2784 2785/2785
f 2786/2786 2787/2787 2788/2788
f 2789/2789 2790/2790 2791/2791
f 2792/2792 2793/2793 2794/2794 2795/2795
f 2796/2796 2797/2797 2798/2798 2799/2799
f 2800/2800 2801/2801 2802/2802 2803/2803
f 2804/2804 2805/2805 2806/2806 2807/2807
f 2808/2808 2809/2809 2810/2810
f 2811/2811 2812/2812 2813/2813
f 2814/2814 2815/2815 2816/2816 2817/2817
f 2818/2818 2819/2819 2820/2820 2821/2821
f 2822/2822 2823/2823 2824/2824 2825/2825
f 2826/2826 2827/2827 2828/2828 2829/2829
f 2830/2830 2831/2831 2832/2832
f 2833/2833 2834/2834 2835/2835
f 2836/2836 2837/2837 2838/2838 2839/2839
f 2840/2840 2841/2841 2842/2842 2843/2843
f 2844/2844 2845/2845 2846/2846 2847/2847
f 2848/2848 2849/2849 2850/2850 2851/2851
f 2852/2852 2853/2853 2854/2854
f 2855/2855 2856/2856 2857/2857
f 2858/2858 2859/2859 2860/2860 2861/2861
f 2862/2862 2863/2863 2864/2864 2865/2865
f 2866/2866 2867/2867 2868/2868 2869/2869
f 2870/2870 2871/2871 2872/2872 2873/2873
f 2874/2874 2875/2875 2876/2876
f 2877/2877 2878/2878 2879/2879
f 2880/2880 2881/2881 2882/2882 2883/2883
f 2884/2884 2885/2885 2886/2886 2887/2887
f 2888/2888 2889/2889 2890/2890 2891/2891
f 2892/2892 2893/2893 2894/2894 2895/2895
f 2896/2896 2897/2897 2898/2898
f 2899/2899 2900/2900 2901/2901
f 2902/2902 2903/2903 2904/2904 2905/2905
f 2906/2906 2907/2907 2908/2908 2909/2909
f 2910/2910 2911/2911 2912/2912 2913/2913
f 2914/2914 2915/2915 2916/2916 2917/2917
f 2918/2918 2919/2919 2920/2920
f 2921/2921 2922/2922 2923/2923
f 2924/2924 2925/2925 2926/2926 2927/2927
f 2928/2928 2929/2929 2930/2930 2931/2931
f 2932/2932 2933/2933 2934/2934 2935/2935
f 2936/2936 2937/2937 2938/2938 2939/2939
f 2940/2940 2941/2941 2942/2942
f 2943/2943 2944/2944 2945/2945
f 2946/2946 2947/2947 2948/2948 2949/2949
f 2950/2950 2951/2951 2952/2952 2953/2953
f 2954/2954 2955/2955 2956/2956 2957/2957
f 2958/2958 2959/2959 2960/2960 2961/2961
f 2962/2962 2963/2963 2964/2964
f 2965/2965 2966/2966 2967/2967
f 2968/2968 2969/2969 2970/2970 2971/2971
f 2972/2972 2973/2973 2974/2974 2975/2975
f 2976/2976 2977/2977 2978/2978 2979/2979
f 2980/2980 2981/2981 2982/2982 2983/2983
f 2984/2984 2985/2985 2986/2986
f 2987/2987 2988/2988 2989/2989
f 2990/2990 2991/2991 2992/2992 2993/2993
f 2994/2994 2995/2995 2996/2996 2997/2997
f 2998/2998 2999/2999 3000/3000 3001/3001
f 3002/3002 3003/3003 3004/3004 3005/3005
f 3006/3006 3007/3007 3008/3008
f 3009/3009 3010/3010 3011/3011
f 3012/3012 3013/3013 3014/3014 3015/3015
f 3016/3016 3017/3017 3018/3018 3019/3019
f 3020/3020 3021/3021 3022/3022 3023/3023
f 3024/3024 3025/3025 3026/3026 3027/3027
f 3028/3028 3029/3029 3030/3030
f 3031/3031 3032/3032 3033/3033
f 3034/3034 3035/3035 3036/3036 3037/3037
f 3038/3038 3039/3039 3040/3040 3041/3041
f 3042/3042 3043/3043 3044/3044 3045/3045
f 3046/3046 3047/3047 3048/3048 3049/3049
f 3050/3050 3051/3051 3052/3052
f 3053/3053 3054/3054 3055/3055
f 3056/3056 3057/3057 3058/3058 3059/3059
f 3060/3060 3061/3061 3062/3062 3063/3063
f 3064/3064 3065/3065 3066/3066 3067/3067
f 3068/3068 3069/3069 3070/3070 3071/3071
f 3072/3072 3073/3073 3074/3074
f 3075/3075 3076/3076 3077/3077
f 3078/3078 3079/3079 3080/3080 3081/3081
f 3082/3082 3083/3083 3084/3084 3085/3085
f 3086/3086 3087/3087 3088/3088 3089/3089
f 3090/3090 3091/3091 3092/3092 3093/3093
f 3094/3094 3095/3095 3096/3096
f 3097/3097 3098/3098 3099/3099
f 3100/3100 3101/3101 3102/3102 3103/3103
f 3104/3104 3105/3105 3106/3106 3107/3107
f 3108/3108 3109/3109 3110/3110 3111/3111
f 3112/3112 3113/3113 3114/3114 3115/3115
f 3116/3116 3117/3117 3118/3118
f 3119/3119 3120/3120 3121/3121
f 3122/3122 3123/3123 3124/3124 3125/3125
f 3126/3126 3127/3127 3128/3128 3129/3129
f 3130/3130 3131/3131 3132/3132 3133/3133
f 3134/3134 3135/3135 3136/3136 3137/3137
f 3138/3138 3139/3139 3140/3140
f 3141/3141 3142/3142 3143/3143
f 3144/3144 3145/3145 3146/3146 3147/3147
f 3148/3148 3149/3149 3150/3150 3151/3151
f 3152/3152 3153/3153 3154/3154 3155/3155
f 3156/3156 3157/3157 3158/3158 3159/3159
f 3160/3160 3161/3161 3162/3162
f 3163/3163 3164/3164 3165/3165
f 3166/3166 3167/3167 3168/3168 3169/3169
f 3170/3170 3171/3171 3172/3172 3173/3173
f 3174/3174 3175/3175 3176/3176 3177/3177
f 3178/3178 3179/3179 3180/3180 3181/3181
f 3182/3182 3183/3183 3184/3184
f 3185/3185 3186/3186 3187/3187 3188/3188
f 3189/3189 3190/3190 3191/3191 3192/3192
f 3193/3193 3194/3194 3195/3195 3196/3196
f 3197/3197 3198/3198 3199/3199 3200/3200
f 3201/3201 3202/3202 3203/3203 3204/3204
f 3205/3205 3206/3206 3207/3207 3208/3208
f 3209/3209 3210/3210 3211/3211 3212/3212
f 3213/3213 3214/3214 3215/3215 3216/3216
f 3217/3217 3218/3218 3219/3219 3220/3220
f 3221/3221 3222/3222 3223/3223 3224/3224
f 3225/3225 3226/3226 3227/3227 3228/3228
f 3229/3229 3230/3230 3231/3231 3232/3232
f 3233/3233 3234/3234 3235/3235
f 3236/3236 3237/3237 3238/3238 3239/3239
f 3240/3240 3241/3241 3242/3242 3243/3243
f 3244/3244 3245/3245 3246/3246 3247/3247
f 3248/3248 3249/3249 3250/3250 3251/3251
f 3252/3252 3253/3253 3254/3254
f 3255/3255 3256/3256 3257/3257
f 3258/3258 3259/3259 3260/3260 3261/3261
f 3262/3262 3263/3263 3264/3264 3265/3265
f 3266/3266 3267/3267 3268/3268 3269/3269
f 3270/3270 3271/3271 3272/3272 3273/3273
f 3274/3274 3275/3275 3276/3276
f 3277/3277 3278/3278 3279/3279
f 3280/3280 3281/3281 3282/3282 3283/3283
f 3284/3284 3285/3285 3286/3286 3287/3287
f 3288/3288 3289/3289 3290/3290 3291/3291
f 3292/3292 3293/3293 3294/3294 3295/3295
f 3296/3296 3297/3297 3298/3298
f 3299/3299 3300/3300 3301/3301
f 3302/3302 3303/3303 3304/3304 3305/3305
f 3306/3306 3307/3307 3308/3308 3309/3309
f 3310/3310 3311/3311 3312/3312 3313/3313
f 3314/3314 3315/3315 3316/3316 3317/3317
f 3318/3318 3319/3319 3320/3320
f 3321/3321 3322/3322 3323/3323
f 3324/3324 3325/3325 3326/3326 3327/3327
f 3328/3328 3329/3329 3330/3330 3331/3331
f 3332/3332 3333/3333 3334/3334 3335/3335
f 3336/3336 3337/3337 3338/3338 3339/3339
f 3340/3340 3341/3341 3342/3342
f 3343/3343 3344/3344 3345/3345
f 3346/3346 3347/3347 3348/3348 3349/3349
f 3350/3350 3351/3351 3352/3352 3353/3353
f 3354/3354 3355/3355 3356/3356 3357/3357
f 3358/3358 3359/3359 3360/3360 3361/3361
f 3362/3362 3363/3363 3364/3364
f 3365/3365 3366/3366 3367/3367
f 3368/3368 3369/3369 3370/3370 3371/3371
f 3372/3372 3373/3373 3374/3374 3375/3375
f 3376/3376 3377/3377 3378/3378 3379/3379
f 3380/3380 3381/3381 3382/3382 3383/3383
f 3384/3384 3385/3385 3386/3386
f 3387/3387 3388/3388 3389/3389
f 3390/3390 3391/3391 3392/3392 3393/3393
f 3394/3394 3395/3395 3396/3396 3397/3397
f 3398/3398 3399/3399 3400/3400 3401/3401
f 3402/3402 3403/3403 3404/3404 3405/3405
f 3406/3406 3407/3407 3408/3408
f 3409/3409 3410/3410 3411/3411
f 3412/3412 3413/3413 3414/3414 3415/3415
f 3416/3416 3417/3417 3418/3418 3419/3419
f 3420/3420 3421/3421 3422/3422 3423/3423
f 3424/3424 3425/3425 3426/3426 3427/3427
f 3428/3428 3429/3429 3430/3430
f 3431/3431 3432/3432 3433/3433
f 3434/3434 3435/3435 3436/3436 3437/3437
f 3438/3438 3439/3439 3440/3440 3441/3441
f 3442/3442 3443/3443 3444/3444 3445/3445
f 3446/3446 3447/3447 3448/3448 3449/3449
f 3450/3450 3451/3451 3452/3452
f 3453/3453 3454/3454 3455/3455
f 3456/3456 3457/3457 3458/3458 3459/3459
f 3460/3460 3461/3461 3462/3462 3463/3463
f 3464/3464 3465/3465 3466/3466 3467/3467
f 3468/3468 3469/3469 3470/3470 3471/3471
f 3472/3472 3473/3473 3474/3474
f 3475/3475 3476/3476 3477/3477
f 3478/3478 3479/3479 3480/3480 3481/3481
f 3482/3482 3483/3483 3484/3484 3485/3485
f 3486/3486 3487/3487 3488/3488 3489/3489
f 3490/3490 3491/3491 3492/3492 3493/3493
f 3494/3494 3495/3495 3496/3496
f 3497/3497 3498/3498 3499/3499
f 3500/3500 3501/3501 3502/3502 3503/3503
f 3504/3504 3505/3505 3506/3506 3507/3507
f 3508/3508 3509/3509 3510/3510 3511/3511
f 3512/3512 3513/3513 3514/3514 3515/3515
f 3516/3516 3517/3517 3518/3518
f 3519/3519 3520/3520 3521/3521
f 3522/3522 3523/3523 3524/3524 3525/3525
f 3526/3526 3527/3527 3528/3528 3529/3529
f 3530/3530 3531/3531 3532/3532 3533/3533
f 3534/3534 3535/3535 3536/3536 3537/3537
f 3538/3538 3539/3539 3540/3540
f 3541/3541 3542/3542 3543/3543
f 3544/3544 3545/3545 3546/3546 3547/3547
f 3548/3548 3549/3549 3550/3550 3551/3551
f 3552/3552 3553/3553 3554/3554 3555/3555
f 3556/3556 3557/3557 3558/3558 3559/3559
f 3560/3560 3561/3561 3562/3562
f 3563/3563 3564/3564 3565/3565
f 3566/3566 3567/3567 3568/3568 3569/3569
f 3570/3570 3571/3571 3572/3572 3573/3573
f 3574/3574 3575/3575 3576/3576 3577/3577
f 3578/3578 3579/3579 3580/3580 3581/3581
f 3582/3582 3583/3583 3584/3584
f 3585/3585 3586/3586 3587/3587
f 3588/3588 3589/3589 3590/3590 3591/3591
f 3592/3592 3593/3593 3594/3594 3595/3595
f 3596/3596 3597/3597 3598/3598 3599/3599
f 3600/3600 3601/3601 3602/3602 3603/3603
f 3604/3604 3605/3605 3606/3606
f 3607/3607 3608/3608 3609/3609
f 3610/3610 3611/3611 3612/3612 3613/3613
f 3614/3614 3615/3615 3616/3616 3617/3617
f 3618/3618 3619/3619 3620/3620 3621/3621
f 3622/3622 3623/3623 3624/3624 3625/3625
f 3626/3626 3627/3627 3628/3628
f 3629/3629 3630/3630 3631/3631
f 3632/3632 3633/3633 3634/3634 3635/3635
f 3636/3636 3637/3637 3638/3638 3639/3639
f 3640/3640 3641/3641 3642/3642 3643/3643
f 3644/3644 3645/3645 3646/3646 3647/3647
f 3648/3648 3649/3649 3650/3650
f 3651/3651 3652/3652 3653/3653
f 3654/3654 3655/3655 3656/3656 3657/3657
f 3658/3658 3659/3659 3660/3660 3661/3661
f 3662/3662 3663/3663 3664/3664 3665/3665
f 3666/3666 3667/3667 3668/3668 3669/3669
f 3670/3670 3671/3671 3672/3672
f 3673/3673 3674/3674 3675/3675
f 3676/3676 3677/3677 3678/3678 3679/3679
f 3680/3680 3681/3681 3682/3682 3683/3683
f 3684/3684 3685/3685 3686/3686 3687/3687
f 3688/3688 3689/3689 3690/3690 3691/3691
f 3692/3692 3693/3693 3694/3694
f 3695/3695 3696/3696 3697/3697
f 3698/3698 3699/3699 3700/3700 3701/3701
f 3702/3702 3703/3703 3704/3704 3705/3705
f 3706/3706 3707/3707 3708/3708 3709/3709
f 3710/3710 3711/3711 3712/3712 3713/3713
f 3714/3714 3715/3715 3716/3716
f 3717/3717 3718/3718 3719/3719
f 3720/3720 3721/3721 3722/3722 3723/3723
f 3724/3724 3725/3725 3726/3726 3727/3727
f 3728/3728 3729/3729 3730/3730 3731/3731
f 3732/3732 3733/3733 3734/3734 3735/3735
f 3736/3736 3737/3737 3738/3738
f 3739/3739 3740/3740 3741/3741
f 3742/3742 3743/3743 3744/3744 3745/3745
f 3746/3746 3747/3747 3748/3748 3749/3749
f 3750/3750 3751/3751 3752/3752 3753/3753
f 3754/3754 3755/3755 3756/3756 3757/3757
f 3758/3758 3759/3759 3760/3760
f 3761/3761 3762/3762 3763/3763 3764/3764
f 3765/3765 3766/3766 3767/3767 3768/3768
f 3769/3769 3770/3770 3771/3771 3772/3772
f 3773/3773 3774/3774 3775/3775 3776/3776
f 3777/3777 3778/3778 3779/3779 3780/3780
f 3781/3781 3782/3782 3783/3783 3784/3784
f 3785/3785 3786/3786 3787/3787 3788/3788
f 3789/3789 3790/3790 3791/3791 3792/3792
f 3793/3793 3794/3794 3795/3795 3796/3796
f 3797/3797 3798/3798 3799/3799 3800/3800
f 3801/3801 3802/3802 3803/3803 3804/3804
f 3805/3805 3806/3806 3807/3807 3808/3808
f 3809/3809 3810/3810 3811/3811 3812/3812
f 3813/3813 3814/3814 3815/3815
f 3816/3816 3817/3817 3818/3818
f 3819/3819 3820/3820 3821/3821
f 3822/3822 3823/3823 3824/3824
f 3825/3825 3826/3826 3827/3827 3828/3828
f 3829/3829 3830/3830 3831/3831
f 3832/3832 3833/3833 3834/3834
f 3835/3835 3836/3836 3837/3837
f 3838/3838 3839/3839 3840/3840
